{"phi": [[1.0, 1.0000000000000002], [0.4508611955420466, 0.07789580171977745], [0.1407035175879397, 0.01005025125628141], [0.0010015022533800702, 0.36855282924386584], [0.735144312393888, 0.8316151202749141], [0.14634146341463414, 0.01626016260162603]], "phi_hat": [[1.0, 1.0], [0.4508611955420466, 0.07789580171977745], [0.1407035175879397, 0.010050251256281407], [0.00100150225338007, 0.3685528292438658], [0.735144312393888, 0.8316151202749141], [0.14634146341463414, 0.016260162601626018]], "eta": [[0.12415217001817236, 0.1583346284688046], [0.30451973212741246, 0.061635639118151404], [0.1407035175879397, 0.010050251256281409], [0.0010015022533800702, 0.3685528292438658], [0.2832816145984613, 0.38516648931127073], [0.14634146341463414, 0.016260162601626025]], "llh": -24.994426020808646, "nlglh": 3.60593344700867, "prob": 0.07110111463188269, "count": 4668, "parents": [4, 0, 4, 0, 1], "samples": ["L104B5Inv", "L104B5LCIS"], "cdi": [1.9228950278936252, 1.5002378259857194], "cmdi": [2.536548390721271, 2.0419735700994632], "sdi": [2.0, 2.321928094887362], "visible_sampidxs": null, "samp_colours": null, "pop_colours": null}
