{"phi": [[1.0, 1.0], [0.18507017824819866, 0.12969696968399996], [0.6797864851148473, 0.6465927099194929], [0.9699395862386244, 0.9319319318387388], [1.0, 0.9999999999000001], [0.7211648232649138, 0.6712898751062414], [0.6797864851148473, 0.5035460992404255]], "phi_hat": [[1.0, 1.0], [0.18506998444790046, 0.1296969696969697], [0.6701520912547528, 0.6465927099841522], [0.969939879759519, 0.9319319319319319], [1.0, 1.0], [0.7211646136618141, 0.6712898751733704], [0.7402985074626866, 0.5035460992907801]], "eta": [[0.0, 9.999989725173464e-11], [0.18507017824819866, 0.12969696968399996], [0.0, 0.14304661067906743], [0.06370458472551188, 0.1309450870484975], [0.030060413761375582, 0.06806806806126131], [0.04137833815006653, 0.02469716518674847], [0.6797864851148473, 0.5035460992404255]], "llh": -44.78916812957439, "nlglh": 5.384759228839916, "prob": 0.4300827987318336, "count": 20512, "parents": [3, 5, 4, 0, 3, 2], "samples": ["L13B6", "L13B9"], "cdi": [1.4241524642391628, 2.061729894557024], "cmdi": [3.4251847941127584, 3.8926749521454553], "sdi": [2.321928094887362, 2.584962500721156], "visible_sampidxs": null, "samp_colours": null, "pop_colours": null}
