{"phi": [[1.0, 1.0000000000000002, 1.0000000000000002, 1.0], [0.5804778946186515, 0.7666314677163675, 0.7617449663667785, 0.7502977272626083], [0.4982123124544189, 0.6528835690315561, 0.630824372696774, 0.7502977272626083], [0.9531019414591619, 0.9999999999000002, 0.9999999999000001, 0.9989961615604321], [0.8777355419140076, 0.8427397259431233, 0.8409999999159, 0.8108109140122626], [0.8777355419140076, 0.8864432215221612, 0.8602904355674512, 0.8332497720231202], [0.15108836254311597, 0.0012804097309859154, 0.0012804097309859154, 0.0012804098745021187], [0.4982123124544189, 0.1954887217849624, 0.008849557521238938, 0.7502977272626083], [0.18930045640673, 0.004115226337037038, 0.004115226337037038, 0.004115226277401123], [0.1690001467720986, 0.0009999999999000004, 0.0009999999999000004, 0.0010000000952306576]], "phi_hat": [[1.0, 1.0, 1.0, 1.0], [0.5804776739356179, 0.7666314677930306, 0.761744966442953, 0.718816067653277], [0.34222919937205654, 0.6528835690968444, 0.6308243727598566, 0.742152466367713], [0.9531013615733737, 1.0, 1.0, 0.998995983935743], [0.887333799860042, 0.8427397260273972, 0.841, 0.8108108108108109], [0.8708708708708709, 0.8864432216108054, 0.8602904356534802, 0.8332498748122183], [0.15108834827144688, 0.0012804097311139564, 0.0012804097311139564, 0.0012804097311139564], [0.9900990099009901, 0.19548872180451127, 0.008849557522123894, 1.0], [0.18930041152263374, 0.00411522633744856, 0.00411522633744856, 0.00411522633744856], [0.169, 0.001, 0.001, 0.001]], "eta": [[0.04689805854083806, 1.0000000827403707e-10, 1.0000011929633954e-10, 0.0010038384395678612], [0.08226558216423263, 0.11374789868481136, 0.1309205936700044, 0.0], [0.0, 0.45739484724659357, 0.621974815175535, 0.0], [0.07536639954515434, 0.11355677837783903, 0.13970956433254886, 0.1657463895373119], [0.2972576472953561, 0.0761082582267558, 0.07925503354912154, 0.060513186749654224], [0.0, 0.04370349557903785, 0.019290435651551193, 0.022438858010857654], [0.15108836254311597, 0.0012804097309859152, 0.0012804097309859152, 0.0012804098745021187], [0.13991170927559027, 0.19037349544802531, 0.003734331184301899, 0.7451825008899766], [0.038212093863614016, 0.0028348166060511216, 0.0028348166060511216, 0.0028348164028990045], [0.1690001467720986, 0.0009999999999000002, 0.0009999999999000002, 0.0010000000952306576]], "llh": -152.32100361465876, "nlglh": 6.104243237169391, "prob": 0.05486830396153459, "count": 2203, "parents": [4, 1, 0, 5, 3, 8, 2, 7, 7], "samples": ["L14B14", "L14B5", "L14B901DCIS", "L14B901Inv"], "cdi": [2.5749129245847815, 2.211301728775007, 1.6829411829970802, 1.1597444979717877], "cmdi": [4.707238138832686, 4.171882970814135, 3.55812988655692, 3.2210394364634456], "sdi": [2.807354922057604, 2.584962500721156, 2.321928094887362, 2.0], "visible_sampidxs": null, "samp_colours": null, "pop_colours": null}
