{"phi": [[1.0, 0.9999999999999999], [1.0, 0.9999999999999999], [0.8606357548040121, 0.9797004480754377], [0.6899996428100109, 0.8864432168480385], [1.0, 0.9797004480754377], [1.0, 0.9999999999999999], [0.22556395231881718, 0.015037622260984722], [0.9618312497848117, 0.9797004480754377]], "phi_hat": [[1.0, 1.0], [0.9913309535951046, 1.0], [0.8606356968215159, 1.0], [0.69, 0.8864432216108054], [1.0, 0.9632241813602015], [1.0, 1.0], [0.22556390977443608, 0.015037593984962405], [0.9618320610687023, 0.9423076923076923]], "eta": [[0.0, 0.0], [0.0, 0.0], [0.1706361119940012, 0.09325723122739916], [0.4644356904911937, 0.8714055945870539], [0.038168750215188285, 0.0], [0.0, 0.020299551924562235], [0.22556395231881718, 0.015037622260984724], [0.1011954949807996, 0.0]], "llh": -54.091402836834064, "nlglh": 5.574099901959123, "prob": 0.05107749826455529, "count": 1837, "parents": [0, 7, 2, 5, 1, 3, 4], "samples": ["L15B13I1", "L15B13I2"], "cdi": [1.9480276628384074, 0.6974223276010745], "cmdi": [4.440906388728961, 3.229025192560517], "sdi": [2.321928094887362, 2.0], "visible_sampidxs": null, "samp_colours": null, "pop_colours": null}
