{"phi": [[1.0, 1.0], [0.0010293357125219916, 0.6158031872706886], [0.14570085802392232, 0.013244198552548185], [0.266577892540235, 0.31834870078827826], [0.2006117664705554, 0.018016597296876026], [0.15651101943167223, 0.017392892427525883], [0.9261313301846781, 0.9890022544697273], [0.5381476457713158, 0.6158031872706886], [0.3879836844133623, 0.3731990671990386], [0.2006117664705554, 0.12355235586912011]], "phi_hat": [[1.0, 1.0], [0.001029336078229542, 0.7153885743695316], [0.1456953642384106, 0.013245033112582781], [0.26657780739753417, 0.31834878432744446], [0.21621621621621623, 0.018018018018018018], [0.1565217391304348, 0.017391304347826087], [0.9016697588126159, 0.9034907597535934], [0.5519523494374586, 0.5722861430715358], [0.4, 0.4171494785631518], [0.1926605504587156, 0.12355212355212356]], "eta": [[0.07386866981532192, 0.01099774553027266], [0.0010293357125219916, 0.6158031872706885], [0.14570085802392232, 0.013244198552548181], [0.06596612606967961, 0.1947963449191581], [0.04410074703888317, 0.0006237048693501431], [0.010810161407749902, 0.004148693874977697], [0.0, 1.1102230246251563e-16], [0.5371183100587938, 0.0], [0.12140579187312728, 0.05485036641076034], [0.0, 0.10553575857224406]], "llh": -71.87467821774689, "nlglh": 5.760735657235191, "prob": 0.12650636581681396, "count": 728, "parents": [7, 5, 8, 9, 4, 0, 6, 6, 3], "samples": ["L16B6", "L16B9"], "cdi": [1.8263607747246349, 1.5863128634995034], "cmdi": [3.234461332836104, 3.2041507601221126], "sdi": [2.584962500721156, 2.321928094887362], "visible_sampidxs": null, "samp_colours": null, "pop_colours": null}
