{"phi": [[0.9999999999999999, 1.0], [0.9616679015635892, 0.9760728699383933], [0.15950349544261908, 0.012617964395731703], [0.14286080487999323, 0.012617964395731703], [0.6608595104948484, 0.6091308778269411], [0.9955871218175536, 0.9786378475363587], [0.14991105388900583, 0.014184365409445022], [0.20476473212514357, 0.01600580276160785], [0.2281145433788627, 0.24624612562285478], [0.012820428457512799, 0.15357315402803032], [0.8107705643838542, 0.7250358737064776], [0.21334834645896436, 0.01600580276160785], [0.20476473212514357, 0.013072233614306707], [0.30727485323732023, 0.5028357943962742], [0.8811720732665429, 0.9187224267924401], [0.20476473212514357, 0.013072233614306707], [0.6418210860458405, 0.5114655721770488], [0.14991105388900583, 0.014184365409445022], [0.14991105388900583, 0.0911585287989169], [0.145077213948669, 0.008629777780774466], [0.010957139022659632, 0.13081770338576612], [0.30727485323732023, 0.4320418286037814], [0.15075390195295013, 0.008629777780774466], [0.2865855005911163, 0.31409926764826834], [0.8107705643838542, 0.7651492727644098], [0.224305485481624, 0.14682350614737397], [0.224305485481624, 0.14682350614737397], [0.15075390195295013, 0.008629777780774466], [0.012820428457512799, 0.15357315402803032]], "phi_hat": [[1.0, 1.0], [0.9616685456595265, 0.9760712298274903], [0.15950920245398773, 0.012269938650306749], [0.14285714285714285, 0.012987012987012988], [0.6768350810295519, 0.6091319618665328], [0.9955849889624724, 0.9786407766990292], [0.1565217391304348, 0.017391304347826087], [0.17543859649122806, 0.017543859649122806], [0.22811405702851426, 0.24624624624624625], [0.010526315789473684, 0.15789473684210525], [0.8259023354564756, 0.7250341997264022], [0.25225225225225223, 0.018018018018018018], [0.23636363636363636, 0.01818181818181818], [0.30656934306569344, 0.5734767025089605], [0.8811700182815356, 0.9095477386934674], [0.20408163265306123, 0.01020408163265306], [0.6418209104552276, 0.5015], [0.16766467065868262, 0.011976047904191617], [0.15067805123053743, 0.09115870400878638], [0.14507772020725387, 0.010362694300518135], [0.0125, 0.15], [0.3074772886093641, 0.43204202232435984], [0.15246636771300448, 0.008968609865470852], [0.2865853658536585, 0.31409934771700954], [0.7653631284916201, 0.7727771679473107], [0.20363636363636364, 0.1466275659824047], [0.2398190045248869, 0.13432835820895522], [0.14857142857142858, 0.011428571428571429], [0.01639344262295082, 0.16393442622950818]], "eta": [[0.004412878182446289, 0.02136215246364126], [0.08049582829704627, 0.05735044314595317], [0.01664269056262585, 0.0], [0.14286080487999323, 0.012617964395731703], [0.01903842444900783, 0.09766530564989229], [0.03391922025396443, 0.0025649775979654788], [0.14991105388900583, 0.014184365409445022], [0.0, 0.0029335691473011422], [0.0038090578972387046, 0.09942261947548081], [0.0, 0.0], [0.0, 0.024746467080619616], [0.008583614333820794, 0.0], [0.04526123668252449, 0.0004542692185750038], [0.0, 0.07079396579249286], [0.0575810804251759, 2.7755575615628914e-17], [0.0, 0.0], [0.18379233085557017, 1.1102230246251565e-16], [0.0, 0.0], [0.0, 0.07697416338947187], [0.145077213948669, 0.008629777780774466], [0.010957139022659632, 0.13081770338576612], [0.020689352646203918, 0.11794256095551303], [0.005676688004281144, 0.0], [0.05847095721225362, 0.06785314202541357], [0.0, 0.04011339905793221], [0.0, 0.0], [0.0, 3.469446951953614e-18], [0.0, 0.0], [0.012820428457512799, 0.15357315402803032]], "llh": -146.73610056650233, "nlglh": 3.780275796547806, "prob": 0.023706625963301045, "count": 34, "parents": [5, 12, 2, 10, 0, 17, 11, 23, 14, 24, 26, 15, 16, 1, 7, 4, 18, 10, 22, 26, 13, 27, 21, 14, 8, 25, 16, 9], "samples": ["L17B14", "L17B8"], "cdi": [3.41708659627206, 3.5171430228255405], "cmdi": [6.355087768584149, 6.3730178616249225], "sdi": [3.8073549220576055, 3.7004397181410926], "visible_sampidxs": null, "samp_colours": null, "pop_colours": null}
