{"phi": [[1.0, 1.0, 0.9999999999999999, 1.0], [0.4652010971959005, 0.7911204490188171, 0.6396690938321382, 0.5916907993540312], [0.4652010971959005, 0.0028571416833341407, 0.0028571417387397184, 0.5916907993540312], [0.20000778091553628, 0.006853152830119263, 0.009174268890272686, 0.009161273470159086], [0.4772384098318664, 0.7911204490188171, 0.6481993490077588, 0.5916907993540312], [0.4652010971959005, 0.007246382217441546, 0.6074763977226965, 0.5916907993540312], [0.013602462052914061, 0.2020263981510638, 0.23476125220308047, 0.3224404978588134], [0.5738937944045773, 0.7911204490188171, 0.7099994581488717, 0.6683982286710275], [0.009491559604658051, 0.1969465731505436, 0.019999666087166877, 0.01999843684770176], [0.00411090244825601, 0.005079825000520208, 0.1808524914258296, 0.005319124522979198], [0.009491559604658051, 0.17820734633992635, 0.019803213379100248, 0.019803589644861896], [0.00411090244825601, 0.005079825000520208, 0.1595746673580342, 0.005319124419688211], [0.2026417158133231, 0.006853152830119263, 0.009174268890272686, 0.009161273470159086], [0.28880573750492566, 0.006853152830119263, 0.009174268890272686, 0.009161273470159086]], "phi_hat": [[1.0, 1.0, 1.0, 1.0], [0.41541541541541543, 0.7981400437636762, 0.6396694214876033, 0.5387693846923461], [0.9719626168224299, 0.002857142857142857, 0.002857142857142857, 0.9682539682539683], [0.2, 0.013333333333333334, 0.013333333333333334, 0.013333333333333334], [0.47723861930965483, 0.808, 0.6481994459833795, 0.5607353906762967], [0.007246376811594203, 0.007246376811594203, 0.6074766355140186, 0.6547619047619048], [0.005449591280653951, 0.3445378151260504, 0.23476297968397292, 0.32304038004750596], [0.5738942826321467, 0.7943971985992997, 0.71, 0.6685027541311968], [0.02, 0.26, 0.02, 0.02], [0.005319148936170213, 0.005319148936170213, 0.18085106382978725, 0.005319148936170213], [0.019801980198019802, 0.1782178217821782, 0.019801980198019802, 0.019801980198019802], [0.005319148936170213, 0.005319148936170213, 0.1595744680851064, 0.005319148936170213], [0.2026431718061674, 0.00881057268722467, 0.00881057268722467, 0.00881057268722467], [0.2888086642599278, 0.007220216606498195, 0.007220216606498195, 0.007220216606498195]], "eta": [[0.12369800603758296, 1.1102230246251563e-16, 0.04606502075777497, 1.1102230246251565e-16], [0.0, 0.7838740668013753, 0.03219269610944176, 0.0], [0.4652010971959005, 0.0028571416833341402, 0.002857141738739719, 0.5916907993540312], [0.20000778091553628, 0.006853152830119261, 0.009174268890272688, 0.009161273470159086], [0.012037312635965858, 0.0, 0.008530255175620562, 0.0], [0.0, 0.004389240534107404, 0.6046192559839568, 0.0], [0.0, 2.6020852139652103e-18, 0.033909094690084, 0.2971229364881324], [0.09665538457271095, 0.0, 0.061800109141112905, 0.07670742931699626], [0.0, 0.018739226810617234, 0.00019645270806662943, 0.00019484720283986443], [0.0, 0.0, 0.021277824067795412, 1.0329098687478222e-10], [0.009491559604658051, 0.17820734633992633, 0.01980321337910025, 0.019803589644861896], [0.00411090244825601, 0.005079825000520207, 0.15957466735803422, 0.005319124419688211], [0.0026339348977868215, 0.0, 0.0, 0.0], [0.08616402169160256, 0.0, 0.0, 0.0]], "llh": -363.93486298519787, "nlglh": 10.09705811606441, "prob": 0.030168708510793105, "count": 323, "parents": [4, 5, 12, 7, 1, 0, 0, 6, 6, 8, 9, 13, 0], "samples": ["L19B6", "L19B7ERpPRn", "L19B7ERPRmix", "L19B7ERPRp"], "cdi": [1.8684472334796367, 0.9728505212521567, 1.8317386667683053, 1.46900494469083], "cmdi": [3.504183520326138, 2.550778591529878, 3.504545995399492, 2.897402117121153], "sdi": [2.584962500721156, 1.584962500721156, 2.807354922057604, 2.0], "visible_sampidxs": null, "samp_colours": null, "pop_colours": null}
