{"phi": [[1.0, 1.0], [0.7497422362619541, 0.7461612892857574], [0.00288739107614889, 0.20421398992775852], [1.0, 0.9146324214016448], [1.0, 1.0], [0.00288739107614889, 0.7461612892857574], [0.00288739107614889, 0.15797785978556436], [0.09174317997551695, 0.16847113211588746], [0.9083979315354399, 0.9146324214016448], [0.007476616693273305, 0.16822477039368317], [0.007476616693273305, 0.16822477039368317]], "phi_hat": [[1.0, 1.0], [0.7497425334706488, 0.6328217237308147], [0.0032414910858995136, 0.20421393841166938], [1.0, 0.9074262461851476], [1.0, 1.0], [0.0024154589371980675, 0.9879227053140096], [0.00315955766192733, 0.1579778830963665], [0.09174311926605505, 0.17613636363636365], [0.9083969465648855, 0.9121725731895224], [0.007633587786259542, 0.17557251908396945], [0.007326007326007326, 0.16117216117216118]], "eta": [[0.0, 0.0], [0.7468548451858052, 0.0], [0.0, 0.04623613014219415], [0.0916020684645601, 0.0], [0.0, 0.08536757859835518], [0.0, 0.5419472993579988], [0.00288739107614889, 0.15797785978556433], [0.08426656328224365, 0.0002463617222042968], [0.06691251529796882, 1.1102230246251563e-16], [0.007476616693273305, 0.16822477039368314], [0.0, 0.0]], "llh": -91.1963484836146, "nlglh": 6.578425985224626, "prob": 0.03293555858703248, "count": 690, "parents": [8, 5, 4, 0, 1, 2, 8, 3, 10, 7], "samples": ["L20B10Inv1", "L20B9"], "cdi": [1.269359813471568, 1.8431976964762007], "cmdi": [3.1566912317823466, 4.099926388249541], "sdi": [2.0, 2.321928094887362], "visible_sampidxs": null, "samp_colours": null, "pop_colours": null}
