{"phi": [[1.0, 1.0, 1.0], [0.6020618516401919, 0.4662857142857143, 0.4633838383838384], [0.6020618516401919, 0.6131782945736434, 0.6029869321717486], [0.19891881398409725, 0.0010810810810810815, 0.0010810810810810815]], "phi_hat": [[1.0, 1.0, 1.0], [0.6437673130193906, 0.4662857142857143, 0.4633838383838384], [0.57265625, 0.6131782945736434, 0.6029869321717486], [0.1989189189189189, 0.001081081081081081, 0.001081081081081081]], "eta": [[0.3979381483598081, 0.38682170542635663, 0.3970130678282514], [0.4031430376560946, 0.46520463320463323, 0.46230275730275733], [0.0, 0.14689258028792906, 0.1396030937879102], [0.19891881398409725, 0.0010810810810810815, 0.0010810810810810815]], "llh": -32.0356853091249, "nlglh": 5.13530270299488, "prob": 0.5006749460819612, "count": 33381, "parents": [2, 0, 1], "samples": ["L33B14DCIS", "L33B14Inv", "L33B8"], "cdi": [0.9153304295763901, 0.8122788297584028, 0.798910073403524], "cmdi": [2.1085996867990913, 1.5737508360417376, 1.5684395698476434], "sdi": [1.0, 1.0, 1.0], "visible_sampidxs": null, "samp_colours": null, "pop_colours": null}
