{"phi": [[1.0, 1.0, 1.0, 0.9999999999999999], [0.003787878787878788, 0.7351679364466517, 0.003787878787878788, 0.8215073903814181], [0.992176386913229, 1.0, 0.9964589235127479, 0.9982863555805296], [0.013698630136986304, 0.1506837917816997, 0.013698630136986304, 0.013698697447958446], [0.013333333333333338, 0.14666758130646515, 0.013333333333333338, 0.013333282313199935], [0.0015015015015015013, 0.0015015008245054349, 0.0015015015015015013, 0.15915929176477986], [0.7487352445193929, 0.7393105110955445, 0.7541401273885351, 0.8341462824369295], [0.8810068649885583, 1.0, 0.9615663524292966, 0.9908066652209119], [0.5806451612903226, 0.004142574648892834, 0.009216589861751152, 0.0054779746449695], [0.698473282442748, 0.7393105110955445, 0.7439916405433646, 0.8269853650263875]], "phi_hat": [[1.0, 1.0, 1.0, 1.0], [0.003787878787878788, 0.9696969696969697, 0.003787878787878788, 0.9581749049429658], [0.9921763869132291, 0.994263862332696, 0.9964589235127479, 0.998286203941731], [0.0136986301369863, 0.1506849315068493, 0.0136986301369863, 0.0136986301369863], [0.013333333333333334, 0.14666666666666667, 0.013333333333333334, 0.013333333333333334], [0.0015015015015015015, 0.0015015015015015015, 0.0015015015015015015, 0.15915915915915915], [0.7487352445193929, 0.7338235294117647, 0.7541401273885351, 0.8341463414634146], [0.8810068649885584, 1.0, 0.9615663524292966, 0.9908069458631257], [0.5806451612903226, 0.009216589861751152, 0.009216589861751152, 0.009216589861751152], [0.6984732824427481, 0.6458333333333334, 0.7439916405433646, 0.761384335154827]], "eta": [[0.007823613086771042, 0.0, 0.003541076487252104, 0.0017136444194703062], [0.0022863772863772865, 0.7336664356221462, 0.0022863772863772865, 0.6623480986166383], [0.11116952192467067, 0.0, 0.03489257108345134, 0.007479690359617709], [0.0003652968036529664, 0.004016210475234538, 0.0003652968036529664, 0.00036541513475851084], [0.013333333333333338, 0.14666758130646512, 0.013333333333333338, 0.013333282313199937], [0.0015015015015015013, 0.0015015008245054344, 0.0015015015015015013, 0.1591592917647799], [0.050261962076644906, 0.0, 0.010148486845170446, 0.0071609174105419235], [0.11857299033217905, 0.11000569712275585, 0.1937275949037751, 0.14296168533602396], [0.5806451612903226, 0.004142574648892833, 0.009216589861751152, 0.005477974644969501], [0.11404024236454657, 5.11743425413158e-17, 0.7309871718937347, 3.6429192995512955e-17]], "llh": -121.97546976121998, "nlglh": 4.888150148183716, "prob": 0.14684901737558648, "count": 5828, "parents": [9, 0, 7, 3, 1, 7, 2, 9, 6], "samples": ["L38B11", "L38B6", "L38B7ER63pos", "L38B7ER63weak"], "cdi": [1.871274658392259, 1.1631210868206332, 1.2081755085423884, 1.4490974156104428], "cmdi": [3.696523590283243, 3.289848282490082, 2.94394494674124, 3.596399255097006], "sdi": [2.584962500721156, 1.584962500721156, 2.321928094887362, 2.0], "visible_sampidxs": null, "samp_colours": null, "pop_colours": null}
