{"phi": [[0.9999999999999999, 1.0, 1.0, 0.9999999999999999, 0.9999999999999999], [0.0769433097911476, 0.11423453197215985, 0.12544592507232238, 0.10074417982800926, 0.15334823479005194], [0.616078747539601, 0.003207119013136996, 0.5368359068743132, 0.48046381922555703, 0.5667656978750426], [0.9999999999847485, 0.9999999999722083, 0.9999999999438539, 0.9999999999999999, 0.9999999999391471], [0.6120588940978658, 0.0011701928345543343, 0.003937007745924184, 0.0032667983683178884, 0.004098362705208973], [0.9812901606577117, 0.9770527769069489, 0.9274668451014876, 0.9340148921414684, 0.9323857948394899], [0.0008582379175388287, 0.10125272961996112, 0.06303144215734907, 0.0010010033387196338, 0.1410002184263716], [0.0021082481202255626, 0.0009669384963708518, 0.007042249790497728, 0.4746072308316252, 0.0070422243284997505], [0.0008582379175388287, 0.1657606586184645, 0.08813249078564675, 0.001001503658014467, 0.2122718621743954], [0.8917798532747447, 0.6227642766698696, 0.6798848359820464, 0.48046381922555703, 0.5667656978750426], [0.9695814009834312, 0.9027594672604939, 0.9274668451014876, 0.9340148921414684, 0.9323857948394899], [0.9812901606577117, 0.9027594672604939, 0.9274668451014876, 0.9340148921414684, 0.9323857948394899], [0.001911605321509595, 0.0010699876822118097, 0.30980414945656776, 0.0025897900256139452, 0.003086415995001257], [0.07780154770868641, 0.27999519059062433, 0.24758200911944117, 0.45355107291591124, 0.3656200969644473], [0.6139704994193754, 0.0022401805167661442, 0.31374115720249196, 0.005856588393931834, 0.29921151929048606], [0.9812901606577117, 0.9027594672604939, 0.9274668451014876, 0.9340148921414684, 0.9323857948394899], [0.007936626546358527, 0.007604540550462189, 0.007604497064230177, 0.00760454437694348, 0.15078975035706357], [0.9812901606577117, 0.9770527769069489, 0.9274668451014876, 0.9999999999999999, 0.93238579483949], [0.0769433097911476, 0.007604540550462189, 0.007604497064230177, 0.00760454437694348, 0.15334823479005194]], "phi_hat": [[1.0, 1.0, 1.0, 1.0, 1.0], [0.10738255033557047, 0.11517275913870806, 0.12544547398431932, 0.10074413279908415, 0.16224336504757136], [0.5065637065637065, 0.0008312551953449709, 0.5368360936607652, 0.7749391727493917, 0.6021164021164022], [1.0, 1.0, 1.0, 0.9969278033794163, 1.0], [0.9590163934426229, 0.004098360655737705, 0.004098360655737705, 0.004098360655737705, 0.004098360655737705], [0.9536121673003802, 0.9860917941585535, 0.9054301403294692, 0.6038781163434903, 0.853125], [0.001001001001001001, 0.1012531328320802, 0.06303151575787894, 0.001001001001001001, 0.141], [0.007042253521126761, 0.007042253521126761, 0.007042253521126761, 0.647887323943662, 0.007042253521126761], [0.00100150225338007, 0.16708354177088544, 0.08813219829744617, 0.00100150225338007, 0.22945891783567135], [0.9604406609914873, 0.7658473479948253, 0.7238095238095238, 0.4438095238095238, 0.6949706074461136], [0.8786885245901639, 0.8618381010346926, 0.8865826538176427, 0.7007672634271099, 0.851963746223565], [1.0, 0.8649214659685864, 1.0, 0.7510373443983402, 0.9838709677419355], [0.0030864197530864196, 0.0030864197530864196, 0.31790123456790126, 0.0030864197530864196, 0.0030864197530864196], [0.07053526763381691, 0.31, 0.2565, 0.5725, 0.4005], [1.0, 0.006060606060606061, 0.30180180180180183, 0.006060606060606061, 0.2992125984251969], [0.9858088930936613, 0.7862068965517242, 0.8987138263665595, 0.8205128205128205, 0.6726296958855098], [0.007936507936507936, 0.007936507936507936, 0.007936507936507936, 0.007936507936507936, 0.15079365079365079], [0.8773234200743495, 0.9174311926605505, 0.8708133971291866, 1.0, 0.8888888888888888], [0.09195402298850575, 0.0072992700729927005, 0.0072992700729927005, 0.0072992700729927005, 0.18055555555555555]], "eta": [[1.5251355733880704e-11, 2.779165786392923e-11, 5.6146087779040954e-11, 0.0, 6.085276726963686e-11], [0.0, 0.10662999142169767, 0.1178414280080922, 0.09313963545106578, 0.0], [0.0, 0.0, 0.21605249988132347, 6.071532165918825e-18, 0.26051195425605683], [0.01870983932703685, 0.022947223065259426, 0.07253315484236633, 0.0, 0.06761420509965711], [0.612058894097866, 0.0011701928345543343, 0.003937007745924184, 0.0032667983683178884, 0.004098362705208974], [0.0, 0.07429330964645497, 0.0, 0.0, 0.0], [0.0008582379175388289, 0.10125272961996112, 0.06303144215734907, 0.0010010033387196338, 0.14100021842637162], [0.002108248120225563, 0.0009669384963708518, 0.007042249790497728, 0.4746072308316252, 0.007042224328499751], [0.0, 0.06450792899850338, 0.02510104862829768, 5.00319294833261e-07, 0.07127164374802382], [0.2757011057351438, 0.6195571576567326, 0.14304892910773326, 0.0, 0.0], [0.0, 5.551115123125783e-17, 0.0, 1.1102230246251565e-16, 0.0], [0.011708759674280535, 0.0, 0.0, 0.0, 0.0], [0.0019116053215095952, 0.0010699876822118097, 0.30980414945656776, 0.0025897900256139452, 0.0030864159950012575], [1.387778780781446e-17, 5.551115123125783e-17, 0.03400359326147204, 0.3518053894298875, 0.0], [0.0, 0.0, 0.0, 0.0, 0.2920267405902759], [0.0, 0.0, 0.0, 0.0, 0.0], [0.007936626546358528, 0.007604540550462189, 0.007604497064230177, 0.00760454437694348, 0.1507897503570636], [0.0, 0.0, 0.0, 0.06598510785853151, 1.1102230246251568e-16], [0.06900668324478908, 0.0, 0.0, 0.0, 0.0025584844329883676]], "llh": -659.3881777132506, "nlglh": 10.569956155641302, "prob": 0.10989225502391288, "count": 2853, "parents": [13, 9, 0, 14, 17, 8, 2, 13, 10, 11, 15, 14, 10, 2, 5, 18, 3, 1], "samples": ["L41B12PR57neg", "L41B12PR57pos", "L41B13", "L41B16", "L41B9"], "cdi": [1.4947878028188304, 1.8506613131105072, 2.726756723793793, 1.7309898624604765, 2.4991866804020657], "cmdi": [4.590045860010344, 4.577876157435301, 5.5904064287710495, 4.6163973167814625, 5.4224140113641655], "sdi": [2.321928094887362, 2.584962500721156, 3.0, 2.0, 2.584962500721156], "visible_sampidxs": null, "samp_colours": null, "pop_colours": null}
