{"phi": [[0.9999999999999999, 0.9999999999999999, 1.0], [0.58823545042166, 0.7040626653263558, 0.8094532544630093], [0.018518288919792424, 0.01851944936807957, 0.14814262514039198], [0.4981612891076235, 0.5702111581899453, 0.5981858246099432], [0.9207604805200685, 0.9564017457269134, 1.0], [0.010958914453724043, 0.010958853600977285, 0.1666724728700088], [0.2466231893290496, 0.48358069163063805, 0.5981858246099432], [0.37399977210850033, 0.5407222687900349, 0.5981858246099432], [0.9207604805200685, 0.9999999999000052, 1.0], [0.010958914453724043, 0.010958853600977285, 0.18377711318988954], [0.9207604805200685, 0.9999999999999999, 1.0], [0.01197604196399338, 0.011976140135717432, 0.2993985827996427], [0.42367629913259497, 0.5407222687900349, 0.5981858246099432], [0.19999990079868982, 0.015873024402295537, 0.12345537890108299]], "phi_hat": [[1.0, 1.0, 1.0], [0.5882352941176471, 0.7040630685263797, 0.8094534711964549], [0.018518518518518517, 0.018518518518518517, 0.14814814814814814], [0.49816176470588236, 0.5702106318956871, 0.4722598105548038], [0.9314128943758574, 0.9563994374120957, 1.0], [0.011111111111111112, 0.011111111111111112, 0.16666666666666666], [0.2466233116558279, 0.4835805084745763, 0.7084323040380047], [0.374, 0.5485485485485485, 0.6], [0.9029850746268657, 1.0, 0.9864864864864865], [0.010810810810810811, 0.010810810810810811, 0.1837837837837838], [0.900562851782364, 1.0, 0.9949964260185847], [0.011976047904191617, 0.011976047904191617, 0.2994011976047904], [0.4236760124610592, 0.5, 0.5953307392996109], [0.2, 0.015873015873015872, 0.12345679012345678]], "eta": [[0.07923951947993137, 0.0, 0.0], [0.07155587239424414, 0.11533205776833091, 0.06312480471267415], [0.018518288919792427, 0.018519449368079574, 0.14814262514039198], [0.07448498997502852, 0.02948888939991035, 0.0], [0.32156611564468457, 0.2413802267995804, 0.006769632347101151], [0.010958914453724045, 0.010958853600977286, 0.1666724728700088], [0.034647246566366426, 0.45573152709262515, 0.17533186290921748], [0.12737658277945074, 0.05714157715939689, 0.0], [0.0, 0.04359825417309183, 0.0], [0.0, 0.0, 0.017104640319880737], [0.0, 9.999467920351891e-11, 0.0], [0.011976041963993381, 0.011976140135717434, 0.2993985827996427], [0.04967652702409465, 0.0, 0.0], [0.19999990079868984, 0.01587302440229554, 0.12345537890108299]], "llh": -170.23050588747677, "nlglh": 6.297197606458519, "prob": 0.0021259676052679415, "count": 53, "parents": [4, 1, 1, 8, 9, 7, 12, 10, 4, 0, 6, 3, 6], "samples": ["L47B4", "L47B7", "L47B9"], "cdi": [2.659434054172356, 2.3032331016040763, 2.5736313025259867], "cmdi": [5.001050119648061, 4.712882691953636, 5.342208760651701], "sdi": [3.321928094887362, 3.321928094887362, 2.807354922057604], "visible_sampidxs": null, "samp_colours": null, "pop_colours": null}
