{"phi": [[1.0, 0.9999999999999999, 1.0], [0.007359181827807151, 0.0028740127757961942, 0.5879148710749447], [0.013130731475109531, 0.016063908411058675, 0.16932199960609368], [0.1777622060700154, 0.015151004972999932, 0.11018812788836312], [0.6102515682366121, 0.41652114849950317, 0.0017409362643500841], [0.3823892499355808, 0.5806048387247005, 0.4103441926607054], [0.36427343232477855, 0.5806048387247005, 0.39628847515217197], [0.19089293754512493, 0.30900032608977873, 0.2795101274944568], [0.24683613943610486, 0.324723711193937, 0.2859399255150145], [0.013130731475109531, 0.016063908411058675, 0.16932199960609368]], "phi_hat": [[1.0, 1.0, 1.0], [0.007633587786259542, 0.007633587786259542, 0.9618320610687023], [0.019801980198019802, 0.019801980198019802, 0.1782178217821782], [0.24806201550387597, 0.015151515151515152, 0.11940298507462686], [0.6145833333333334, 0.581986143187067, 0.002190580503833516], [0.3831494483450351, 0.6289038579301899, 0.43232438606510565], [0.36427320490367776, 0.5923076923076923, 0.3962882096069869], [0.1859270672829995, 0.309, 0.2780361757105943], [0.2468354430379747, 0.32472411364169995, 0.28593965687241174], [0.013513513513513514, 0.013513513513513514, 0.17567567567567569]], "eta": [[5.551115123125783e-17, 0.0, 2.220446049250312e-16], [0.007359181827807151, 0.0028740127757961947, 0.5879148710749444], [0.013130731475109531, 0.01606390841105868, 0.1693219996060936], [0.1777622060700154, 0.015151004972999933, 0.11018812788836306], [0.6102515682366121, 0.4165211484995032, 0.0017409362643500833], [0.018115817610802276, 0.0, 0.014055717508533398], [0.11743729288867369, 0.25588112753076353, 0.1103485496371574], [1.0408340855860843e-17, 0.27778541270572016, 0.0], [0.05594320189097993, 0.015723385104158275, 0.006429798020557706], [0.0, 0.0, 0.0]], "llh": -117.62327071935371, "nlglh": 6.284981828146356, "prob": 0.11465474070043298, "count": 2799, "parents": [0, 9, 7, 0, 0, 5, 8, 6, 7], "samples": ["L49B10", "L49B11", "L49B8"], "cdi": [1.7124590757516265, 1.848587780792279, 1.735121675326171], "cmdi": [2.3652577547610982, 2.761664854479164, 2.5492011431090296], "sdi": [2.584962500721156, 2.584962500721156, 2.321928094887362], "visible_sampidxs": null, "samp_colours": null, "pop_colours": null}
