{"phi": [[1.0, 1.0, 1.0], [0.0008968609860986543, 0.763014666839067, 0.0008968609863677129], [0.9999999998, 1.0, 0.9999999998000001], [0.9999999995, 1.0, 0.9554777386783393], [0.9999999996, 1.0, 0.9641734756085482], [0.48399999975799995, 0.23698533316093295, 0.1559999999688], [0.9999999999, 1.0, 0.9999999999000001], [0.9999999997, 1.0, 0.9661458331401043], [0.7350427346752136, 1.0, 0.6874999998625001], [0.09209209204604608, 0.20120118796197575, 0.0010010010008008007]], "phi_hat": [[1.0, 1.0, 1.0], [0.0008968609865470852, 0.9739910313901345, 0.0008968609865470852], [1.0, 1.0, 1.0], [1.0, 0.9929577464788732, 0.9554777388694348], [1.0, 1.0, 0.9641734758013828], [0.484, 0.3411705852926463, 0.156], [1.0, 0.9502262443438914, 1.0], [1.0, 1.0, 0.9661458333333334], [0.7350427350427351, 0.9688249400479616, 0.6875], [0.0920920920920921, 0.2012012012012012, 0.001001001001001001]], "eta": [[1.0000000827403707e-10, 0.0, 9.999989725173464e-11], [0.0008968609860986541, 0.763014666839067, 0.0008968609863677129], [1.0000000827403707e-10, 0.0, 0.033854166659895824], [0.26495726482478626, 0.0, 0.2679777388158392], [1.0000000827403707e-10, 0.0, 0.008695736930208864], [0.3919079077119538, 0.0357841451989572, 0.1549989989679992], [1.0000000827403707e-10, 0.0, 1.000000082740371e-10], [1.0000000827403707e-10, 0.0, 0.0019723575315561126], [0.250145873931115, 0.0, 0.5306031389073324], [0.09209209204604607, 0.20120118796197575, 0.0010010010008008007]], "llh": -176.3559608633668, "nlglh": 9.42325445069583, "prob": 0.0505581516257634, "count": 1799, "parents": [8, 6, 4, 7, 8, 0, 2, 3, 5], "samples": ["L50B11I1", "L50B11I2", "L50B14I3"], "cdi": [1.86336088949526, 0.935104279192611, 1.6727962089812038], "cmdi": [4.504208988131394, 3.7812196197872527, 4.1616402326509085], "sdi": [2.0, 1.584962500721156, 2.0], "visible_sampidxs": null, "samp_colours": null, "pop_colours": null}
