{"phi": [[1.0, 1.0, 1.0, 1.0, 1.0], [0.3559999999644, 0.21561020024377572, 0.3427065910499952, 0.19385661723973438, 0.2906662926951358], [0.0028050490880785414, 0.47382536093899075, 0.5545879865963536, 0.3228479934817928, 0.002805043877174139], [0.0025125628138190957, 0.002512563370057132, 0.002512564909675504, 0.15577894839809991, 0.0025125597135544167], [0.4924924924432432, 0.6894355611827664, 0.8972945776463487, 0.5167046107215272, 0.3687817818065832], [0.9999999999, 0.9999999999178014, 0.973511043509354, 0.9732150071439465, 0.3687817818065832], [0.18333333331499999, 0.016666574221894045, 0.0166666889806564, 0.01666653886401298, 0.01666664522334493], [0.012658227846835443, 0.01265816581163771, 0.012658232084529906, 0.1518976535844852, 0.01265821156203412]], "phi_hat": [[1.0, 1.0, 1.0, 1.0, 1.0], [0.356, 0.24774774774774774, 0.35, 0.24727668845315903, 0.2906666666666667], [0.002805049088359046, 0.6463022508038585, 0.576235541535226, 0.5300546448087432, 0.002805049088359046], [0.002512562814070352, 0.002512562814070352, 0.002512562814070352, 0.15577889447236182, 0.002512562814070352], [0.4924924924924925, 0.6221776216758655, 0.8845381526104418, 0.40865626572722696, 0.4307228915662651], [1.0, 1.0, 0.9735099337748344, 0.9732142857142857, 0.0058823529411764705], [0.18333333333333332, 0.016666666666666666, 0.016666666666666666, 0.016666666666666666, 0.016666666666666666], [0.012658227848101266, 0.012658227848101266, 0.012658227848101266, 0.1518987341772152, 0.012658227848101266]], "eta": [[1.000000082740371e-10, 8.219858127489486e-11, 0.02648895649064597, 0.026784992856053513, 0.6312182181934167], [0.1600084388025646, 0.18628546021024395, 0.3133816699848088, 0.025292424791236195, 0.2613414359097567], [0.00029248627425944567, 0.4713127975689335, 0.5520754216866779, 0.1670690450836929, 0.00029248416361972234], [0.0025125628138190957, 0.0025125633700571314, 0.0025125649096755034, 0.15577894839809991, 0.0025125597135544167], [0.13368744339076466, 1.1102230246251563e-16, 1.1102230246251563e-16, 0.0, 0.07531044523427333], [0.5075075074567568, 0.310564438735035, 0.07621646586300533, 0.4565103964224193, 0.0], [0.18333333331499999, 0.01666657422189404, 0.016666688980656395, 0.01666653886401298, 0.01666664522334493], [0.012658227846835443, 0.012658165811637706, 0.012658232084529902, 0.1518976535844852, 0.01265821156203412]], "llh": -220.1580910833579, "nlglh": 9.074885320501178, "prob": 0.29724634790455057, "count": 8518, "parents": [4, 4, 2, 5, 0, 1, 1], "samples": ["L52B12D", "L52B6D", "L52B6I", "L52B9D", "L52B9I"], "cdi": [1.8613550653822009, 1.686997361914633, 1.482318967199565, 2.027387641760289, 1.2462079353832731], "cmdi": [2.6461217118804288, 2.792940547932279, 2.9567675805998404, 3.00720401432833, 2.747543570112381], "sdi": [2.321928094887362, 2.321928094887362, 2.321928094887362, 2.584962500721156, 2.0], "visible_sampidxs": null, "samp_colours": null, "pop_colours": null}
