{"phi": [[1.0, 1.0, 1.0, 1.0, 1.0, 1.0, 1.0000000000000002], [0.12081406222299954, 0.12108773179161499, 0.097992076764107, 0.10954787762311627, 0.16439784724293002, 0.13225563889194727, 0.20347842566629384], [0.0016407538819618542, 0.002954213891714395, 0.15361874960790373, 0.00295419373771706, 0.002954210895086947, 0.0029542143615362546, 0.002954209009972813], [0.880446189263888, 0.7243896026819597, 0.6347839264991096, 0.5903707380607359, 0.9098240700718931, 0.6706009697042199, 0.729712204340007], [0.6157440914600241, 0.003134800634311354, 0.0031347825012291034, 0.003134783932306944, 0.003134804387426677, 0.003134799184494216, 0.0031347897520328334], [0.6184113951696052, 0.5465433143768635, 0.5367918497350026, 0.4808228604376195, 0.4857288014510791, 0.5383453308122725, 0.5262337786737131], [0.8843263445311895, 0.7243896026819597, 0.6347839264991096, 0.6860938031354181, 0.9265104601567808, 0.8486970769801886, 0.7517006762633698], [0.0010265498276192699, 0.001584357928460709, 0.0015554652105174748, 0.001928642555440095, 0.10880196972288762, 0.0015072834053939368, 0.24200889402187684], [0.8843263445311895, 1.0, 1.0, 0.8938553851548943, 0.9265104601567808, 0.8486970769801886, 0.7517006762633698], [0.8843263445311895, 1.0, 1.0, 0.9492358608181509, 0.9265104601567808, 0.8486970769801886, 0.9016098716681925], [0.6173848453419859, 0.5449589564484029, 0.5352363845244852, 0.006944512385572524, 0.006944449506850194, 0.5368380474068786, 0.006944449112620864], [0.9902321771625175, 1.0, 1.0, 0.9492358608181509, 1.0, 1.0, 1.0000000000000002], [0.9446566860186123, 1.0, 1.0, 0.9492358608181509, 0.9265104601567808, 0.9888783838405094, 1.0], [0.015384566318664895, 0.015384727243476478, 0.097992076764107, 0.015384606549193556, 0.12941179134983488, 0.015384583791667603, 0.015384606585655282]], "phi_hat": [[1.0, 1.0, 1.0, 1.0, 1.0, 1.0, 1.0], [0.12081418253447143, 0.1210877373011801, 0.129, 0.13813813813813813, 0.1643979057591623, 0.14647137150466044, 0.21115537848605578], [0.0029542097488921715, 0.0029542097488921715, 0.1536189069423929, 0.0029542097488921715, 0.0029542097488921715, 0.0029542097488921715, 0.0029542097488921715], [0.8804457953394124, 0.8461538461538461, 0.5294117647058824, 0.47186370676303563, 0.909823677581864, 0.6313645621181263, 0.7147239263803681], [0.9780564263322884, 0.003134796238244514, 0.003134796238244514, 0.003134796238244514, 0.003134796238244514, 0.003134796238244514, 0.003134796238244514], [0.506872852233677, 0.5205797101449275, 0.5830830830830831, 0.5320121951219512, 0.485728592889334, 0.5224292615596964, 0.535632183908046], [0.9101856497742097, 0.6039058587881823, 0.5746192893401015, 0.6860940695296524, 1.0, 0.8599651365485182, 0.7619047619047619], [0.0019286403085824494, 0.0019286403085824494, 0.0019286403085824494, 0.0019286403085824494, 0.10880195599022005, 0.0019286403085824494, 0.2420091324200913], [0.8864432216108054, 1.0, 1.0, 0.8938547486033519, 0.9114557278639319, 0.8414207103551776, 0.7436676798378926], [0.8564282141070535, 1.0, 0.996996996996997, 0.9824912456228114, 0.8703054581872809, 0.8462694041061593, 0.9016100178890877], [1.0, 0.8642857142857143, 1.0, 0.006944444444444444, 0.006944444444444444, 1.0, 0.006944444444444444], [0.990234375, 1.0, 1.0, 0.7747252747252747, 1.0, 1.0, 0.9783549783549783], [0.9446494464944649, 1.0, 1.0, 0.9, 0.8387096774193549, 0.9888888888888889, 1.0], [0.015384615384615385, 0.015384615384615385, 0.15384615384615385, 0.015384615384615385, 0.12941176470588237, 0.015384615384615385, 0.015384615384615385]], "eta": [[0.009767822837482454, 0.0, 0.0, 0.05076413918184908, 0.0, 0.0, 0.0], [0.10542949590433465, 0.10570300454813851, 0.0, 0.09416327107392271, 0.03498605589309515, 0.11687105510027967, 0.18809381908063852], [0.0016407538819618542, 0.002954213891714395, 0.15361874960790373, 0.00295419373771706, 0.002954210895086948, 0.0029542143615362546, 0.0029542090099728122], [0.14122073187128326, 0.05675855651348116, 0.0, 1.6653345369377348e-16, 0.25969742137788404, 1.1102230246251565e-16, 1.1102230246251563e-16], [0.6157440914600241, 0.003134800634311354, 0.0031347825012291034, 0.003134783932306944, 0.0031348043874266777, 0.003134799184494216, 0.0031347897520328325], [0.0, 0.0, 1.1102230246251565e-16, 0.47194970549660686, 0.36998238222134133, 0.0, 0.27728043553921533], [0.003880155267301566, 0.0, 0.0, 0.0957230650746822, 0.016686390084887707, 0.1780961072759687, 0.021988471923362726], [0.0010265498276192699, 0.001584357928460709, 0.0015554652105174748, 0.001928642555440095, 0.10880196972288765, 0.0015072834053939368, 0.24200889402187678], [0.0, 0.27561039731804027, 0.36521607350089036, 0.20776158201947614, 0.0, 0.0, 0.0], [0.0, 0.0, 0.0, 0.055380475663256656, 0.0, 0.0, 0.1499091954048227], [0.0, 0.5388699419223771, 0.37848285241535234, 0.0008555347155485204, 0.0008554342243365708, 0.5307490338608482, 0.0008554503506152179], [0.045575491143905245, 0.0, 0.0, 0.0, 0.07348953984321917, 0.011121616159490588, 2.2204460492503126e-16], [0.06033034148742278, 0.0, 0.0, 0.0, 0.0, 0.14018130686032082, 0.09839012833180746], [0.015384566318664895, 0.015384727243476478, 0.097992076764107, 0.015384606549193556, 0.1294117913498349, 0.015384583791667603, 0.015384606585655278]], "llh": -557.5637086267543, "nlglh": 8.839498872697554, "prob": 0.47714595495681345, "count": 20491, "parents": [3, 10, 6, 10, 3, 8, 5, 9, 12, 5, 0, 11, 1], "samples": ["L54B12D", "L54B12I", "L54B13I2", "L54B13I3", "L54B7D", "L54B7I", "L54B8I1"], "cdi": [1.771609709640464, 1.7290009934345663, 1.845382915670596, 2.0613956037033527, 2.369982648574125, 1.9175570132375344, 2.474822262379359], "cmdi": [4.535269749981398, 4.4105051790106895, 4.506803186339438, 4.577787281668511, 4.953434787998212, 4.461587626401249, 4.962387721253399], "sdi": [2.584962500721156, 2.321928094887362, 2.0, 2.584962500721156, 2.807354922057604, 2.584962500721156, 2.807354922057604], "visible_sampidxs": null, "samp_colours": null, "pop_colours": null}
