{"phi": [[1.0, 1.0, 1.0, 1.0], [0.9999999999000007, 1.0, 0.9999999999000001, 0.9992424242424243], [0.5202313456338012, 0.4723170651783273, 0.47949999995205006, 0.5507753876938469], [0.7424241674321236, 0.6250000391808608, 0.611248966026551, 0.747135217723453], [0.42662644328481364, 0.0030257146907460113, 0.003025718607866868, 0.003025718608169438], [0.9159566557100496, 1.0, 0.9668874171218544, 0.836662749706228], [0.5202313456338012, 0.4723170651783273, 0.46938775505510216, 0.00568181818181818]], "phi_hat": [[1.0, 1.0, 1.0, 1.0], [1.0, 0.9982964224872232, 1.0, 0.9992424242424243], [0.4883955600403633, 0.45570630486831604, 0.4795, 0.5507753876938469], [0.7424242424242424, 0.625, 0.6112489660876758, 0.747135217723453], [0.4266263237518911, 0.0030257186081694403, 0.0030257186081694403, 0.0030257186081694403], [0.9159561510353228, 1.0, 0.9668874172185431, 0.836662749706228], [0.6636363636363637, 0.5714285714285714, 0.46938775510204084, 0.005681818181818182]], "eta": [[9.999934214022232e-11, 0.0, 9.999989725173464e-11, 0.0007575757575757347], [0.08404334418995107, 0.0, 0.03311258277814566, 0.16257967453619626], [0.0, 0.0, 0.010112244896947897, 0.5450935695120287], [0.22219282179832234, 0.1526829740025335, 0.13174896607450093, 0.1963598300296061], [0.42662644328481364, 0.0030257146907460113, 0.003025718607866868, 0.003025718608169438], [0.173532488277926, 0.3749999608191392, 0.35563845109530345, 0.08952753198277497], [0.0936049023489876, 0.46929135048758125, 0.4663620364472353, 0.002656099573648742]], "llh": -89.66318334018683, "nlglh": 5.389859581466895, "prob": 0.9999999733120667, "count": 66663, "parents": [0, 3, 5, 6, 1, 2], "samples": ["L55B10", "L55B6", "L55B9I1", "L55B9I2"], "cdi": [2.0650941345729303, 1.4821480372414908, 1.6840531588651544, 1.7243645440106725], "cmdi": [3.9109511238057872, 3.196626916751435, 3.359413754613547, 3.2304317836551704], "sdi": [2.321928094887362, 1.584962500721156, 2.321928094887362, 2.0], "visible_sampidxs": null, "samp_colours": null, "pop_colours": null}
