{"phi": [[1.0, 1.0, 1.0], [0.00114613180504298, 0.3111922283575657, 0.384632290367466], [0.9717314486660776, 0.005197089881259085, 0.6141610014416659], [0.16176470586617644, 0.005197089881259085, 0.007352934067539281], [0.0015479876159442724, 0.6248334157778909, 0.0012067081908680873], [0.9999999999, 0.9412227340167156, 1.0]], "phi_hat": [[1.0, 1.0, 1.0], [0.001146131805157593, 0.3114468332364904, 0.44884115319389484], [0.9717314487632509, 0.004032258064516129, 0.9811320754716981], [0.16176470588235295, 0.007352941176470588, 0.007352941176470588], [0.0015479876160990713, 0.6253869969040248, 0.0015479876160990713], [1.0, 0.935251798561151, 1.0]], "eta": [[1.000000082740371e-10, 0.058777265983284366, 0.0], [0.00114613180504298, 0.3111922283575657, 0.384632290367466], [0.8099667427999012, 0.0, 0.6068080673741266], [0.16176470586617644, 0.005197089881259085, 0.007352934067539281], [0.0015479876159442724, 0.6248334157778909, 0.0012067081908680873], [0.02557443181293506, 0.0, 1.1102230246251565e-16]], "llh": -70.73459746093579, "nlglh": 6.803230198411275, "prob": 0.9997604213831481, "count": 65363, "parents": [5, 5, 2, 5, 0], "samples": ["L56B7", "L56B8", "L56B9"], "cdi": [0.832320329299988, 0.961715664335717, 1.0313272213020532], "cmdi": [1.9013721843658589, 1.9649456146796065, 2.035628412001839], "sdi": [1.584962500721156, 1.0, 1.0], "visible_sampidxs": null, "samp_colours": null, "pop_colours": null}
