{"phi": [[1.0, 0.9999999999999999, 0.9999999999999999], [0.002633309836846392, 0.002633322980717649, 0.9538950715421302], [0.5227270966644525, 0.0018939341521428232, 0.0018939393939393938], [0.002633309836846392, 0.002633322980717649, 0.16858237547892718]], "phi_hat": [[1.0, 1.0, 1.0], [0.001589825119236884, 0.001589825119236884, 0.9538950715421304], [0.5227272727272727, 0.001893939393939394, 0.001893939393939394], [0.007662835249042145, 0.007662835249042145, 0.1685823754789272]], "eta": [[0.4746395934987011, 0.9954727428671396, 0.04421098906393029], [0.0, 0.0, 0.7853126960632031], [0.5227270966644525, 0.0018939341521428234, 0.001893939393939394], [0.002633309836846392, 0.0026333229807176495, 0.1685823754789272]], "llh": -16.919270152709906, "nlglh": 2.7121496827528047, "prob": 0.9990170782380251, "count": 64654, "parents": [0, 0, 1], "samples": ["L65B12", "L65B13", "L65B14"], "cdi": [0.04550926737068146, 0.980672878023894, 0.6921873754193539], "cmdi": [0.05052165468472219, 1.5623325680830331, 0.8685676994762532], "sdi": [-0.0, 1.0, 1.0], "visible_sampidxs": null, "samp_colours": null, "pop_colours": null}
