{"phi": [[0.9999999999999998, 1.0000000000000002, 0.9999999999999999, 0.9999999999999999, 1.0], [0.9943817011017556, 0.8038319161477244, 0.7696498605367292, 0.7725885929338303, 0.7894448692749346], [0.476329839269386, 0.5391981603369456, 0.6284267985984954, 0.5946903921677713, 0.658856291033013], [0.5180518618323697, 0.003906253776848931, 0.0018439363046126413, 0.0032601605843655393, 0.002593378363964753], [0.11428406638879532, 0.013513521310818014, 0.008455061798596066, 0.09304604012102789, 0.011770865299870696], [0.9999999999999998, 0.9691258010351314, 0.9023542334043161, 0.9010898007485699, 0.9357469665574282], [0.476329839269386, 0.559796490648827, 0.7678059242321167, 0.7693284323494648, 0.7868514909109698], [0.9999999999999998, 0.9691258010351314, 0.9722678148984697, 0.946822834584982, 0.9749278557011476], [0.23702690000002072, 0.3405002048515047, 0.6110665801765696, 0.5016443520467434, 0.5579591017969422], [0.23702690000002072, 0.00735293358730561, 0.007352948305604101, 0.012422345714339415, 0.5579591017969422], [0.476329839269386, 0.5391981603369456, 0.6195216419751657, 0.5946903921677713, 0.5697299670968129], [0.005618298898244187, 0.007194328813933502, 0.007194412588642725, 0.12850120781473962, 0.14630209728249355], [0.005618298898244187, 0.10203531570949587, 0.008368004420706109, 0.12850120781473962, 0.14630209728249355]], "phi_hat": [[1.0, 1.0, 1.0, 1.0, 1.0], [0.8857574232511324, 0.8038325769036813, 0.6199669056811914, 0.7591069330199764, 0.7093889716840537], [0.5619445896497648, 0.5391658189216684, 0.6284263959390863, 0.5878236529041287, 0.6588566073102156], [0.98828125, 0.00390625, 0.00390625, 0.00390625, 0.00390625], [0.11428571428571428, 0.013513513513513514, 0.013513513513513514, 0.1794871794871795, 0.013513513513513514], [0.9735034347399412, 0.9706666666666667, 0.9023529411764706, 0.8864142538975501, 0.9267015706806283], [0.38638163103721296, 0.5597964376590331, 0.9124866595517609, 0.7933966983491746, 0.8488488488488488], [0.9773809523809524, 0.9679679679679679, 0.9722693831352575, 0.9468208092485549, 0.9749303621169917], [0.184, 0.3405, 0.6205, 0.5176273083379966, 0.532043530834341], [1.0, 0.007352941176470588, 0.007352941176470588, 0.012422360248447204, 1.0], [0.50187265917603, 0.5394736842105263, 0.5353982300884956, 0.5685339690107271, 0.5646794150731158], [0.007194244604316547, 0.007194244604316547, 0.007194244604316547, 0.152317880794702, 0.16470588235294117], [0.008368200836820083, 0.10204081632653061, 0.008368200836820083, 0.12612612612612611, 0.14634146341463414]], "eta": [[0.0, 0.03087419896486887, 0.027732185101530193, 0.05317716541501794, 0.025072144298852406], [1.1102230246251568e-16, 0.2401291717220485, 1.1102230246251565e-16, 0.0, 0.0], [0.0, 0.0, 0.00890515662332969, 0.0, 0.08912632393620012], [0.5180518618323698, 0.003906253776848931, 0.0018439363046126413, 0.0032601605843655397, 0.002593378363964753], [0.11428406638879533, 0.013513521310818014, 0.008455061798596066, 0.0930460401210279, 0.011770865299870696], [1.9949319973733285e-17, 0.06325856917791106, 0.12433636844688074, 0.0, 0.0], [0.0, 0.020598330311881408, 0.13937912563362131, 0.17463804018169352, 0.12799519987795682], [0.0, 0.0, 0.06991358149415361, 0.045733033836412036, 0.03918088914371942], [0.0, 0.3331472712641991, 0.6037136318709655, 0.48922200633240404, 0.0], [0.23702690000002075, 0.00735293358730561, 0.007352948305604101, 0.012422345714339417, 0.5579591017969422], [0.12501887288056998, 0.18518443417462288, 0.0, 0.0, 0.0], [0.005618298898244188, 0.007194328813933502, 0.007194412588642725, 0.12850120781473964, 0.14630209728249355], [0.0, 0.09484098689556236, 0.0011735918320633842, 0.0, 0.0]], "llh": -499.69898354035735, "nlglh": 12.015220758182155, "prob": 0.8903885898362807, "count": 11380, "parents": [5, 6, 1, 10, 7, 1, 0, 10, 8, 2, 12, 5], "samples": ["L67B5", "L67B7I", "L67B7P", "L67B8Inv", "L67B8Pap"], "cdi": [1.7584791401695783, 2.4117748345301893, 1.737203139479375, 1.9833590222342399, 1.8575442474628128], "cmdi": [4.160905196198909, 4.611205531882915, 3.9838497492372236, 4.396375308933714, 4.388653143559479], "sdi": [2.0, 2.807354922057604, 2.0, 2.584962500721156, 2.584962500721156], "visible_sampidxs": null, "samp_colours": null, "pop_colours": null}
