{"phi": [[1.0, 1.0], [0.201, 0.0010000000000000005], [0.14855987872662962, 0.0010106114199090457], [0.010362694300518135, 0.1450777202072539]], "phi_hat": [[1.0, 1.0], [0.201, 0.001], [0.14855987872662962, 0.001010611419909045], [0.010362694300518135, 0.14507772020725387]], "eta": [[0.6400774269728523, 0.852911668372837], [0.201, 0.0010000000000000005], [0.14855987872662962, 0.0010106114199090457], [0.010362694300518135, 0.1450777202072539]], "llh": -12.097887771152601, "nlglh": 2.9089271154455156, "prob": 0.5025899942483121, "count": 33299, "parents": [0, 0, 0], "samples": ["L69B10", "L69B8"], "cdi": [1.1436765258593222, 0.11790791624006669], "cmdi": [1.1436765258593222, 0.11790791624006669], "sdi": [1.584962500721156, -0.0], "visible_sampidxs": null, "samp_colours": null, "pop_colours": null}
