{"phi": [[1.0, 0.9999999999999999], [0.0014295936435099721, 0.49190211215163], [0.3516367409616718, 0.2224444763530676], [0.3516367409616718, 0.27577653918744977], [0.9368031145138289, 0.9999999999999999], [0.8557922828615516, 0.7676786513390798], [0.004694837361853565, 0.16121560630010776], [0.004651184042828385, 0.16121560630010776]], "phi_hat": [[1.0, 1.0], [0.0014295925661186562, 0.6061472480343102], [0.3547436652916912, 0.22244488977955912], [0.349, 0.327], [0.9368029739776952, 1.0], [0.8557919621749409, 0.6656656656656657], [0.004694835680751174, 0.1596244131455399], [0.004651162790697674, 0.16279069767441862]], "eta": [[0.06319688548617108, 0.0], [0.0014295936435099721, 0.49190211215163004], [0.34694190359981825, 0.061228870052959856], [0.0, 0.05333206283438217], [0.0810108316522773, 0.23232134866092016], [0.5027259482563698, 0.0], [4.3653319025179806e-05, 0.0], [0.004651184042828385, 0.16121560630010778]], "llh": -72.31788423860473, "nlglh": 7.452332354186942, "prob": 0.1222521052999373, "count": 6721, "parents": [5, 3, 5, 0, 4, 2, 6], "samples": ["L70B14", "L70B17"], "cdi": [1.3709588713314247, 1.8894480459155423], "cmdi": [2.663653232839022, 3.292817804302732], "sdi": [1.584962500721156, 2.321928094887362], "visible_sampidxs": null, "samp_colours": null, "pop_colours": null}
