{"phi": [[1.0, 1.0, 1.0, 1.0, 1.0, 1.0], [0.6547487677798248, 0.7604093867767223, 0.7179490706665619, 0.6736321057157829, 0.6585641801946304, 0.7153310556835686], [1.0, 0.9966822942241442, 0.9990111779185725, 1.0, 0.9949906131975246, 1.0], [0.012269958215169824, 0.14723970885449214, 0.012269924219090447, 0.01226995613019087, 0.01226992540967172, 0.012269869199161386], [0.539762223596237, 0.7604093867767223, 0.7179490706665619, 0.6736321057157829, 0.49002371353924784, 0.7153310556835686], [0.014388541464781685, 0.014388266547936603, 0.014388636903747825, 0.014388536991160885, 0.19831123534922057, 0.01438841149616118], [0.004597700784576292, 0.1436162267102749, 0.14925444786222236, 0.004597697591786097, 0.004572194473831428, 0.1483515972655733], [1.0, 0.9825807371120667, 0.9962061252121207, 1.0, 0.8614476100176823, 1.0], [1.0, 0.9825807371120667, 0.9962061252121207, 1.0, 0.988097183607724, 1.0], [0.13953357430362165, 0.17582369765919206, 0.109589258069613, 0.02150538207374317, 0.02150531281252053, 0.13223154708692622]], "phi_hat": [[1.0, 1.0, 1.0, 1.0, 1.0, 1.0], [0.6547486033519553, 0.6636971046770601, 0.6463963963963963, 0.642691415313225, 0.6591981132075472, 0.6719546742209632], [1.0, 0.9966832504145937, 0.9990108803165183, 0.9988518943742825, 0.994991652754591, 0.9987373737373737], [0.012269938650306749, 0.147239263803681, 0.012269938650306749, 0.012269938650306749, 0.012269938650306749, 0.012269938650306749], [0.5397620538509705, 0.8052685950413223, 0.7756584922797457, 0.7084967320261438, 0.49002394253790904, 0.7368125701459035], [0.014388489208633094, 0.014388489208633094, 0.014388489208633094, 0.014388489208633094, 0.2014388489208633, 0.014388489208633094], [0.004597701149425287, 0.14361702127659576, 0.14925373134328357, 0.004597701149425287, 0.004597701149425287, 0.14835164835164835], [1.0, 1.0, 1.0, 1.0, 0.8461538461538461, 1.0], [0.9862068965517241, 0.9618320610687023, 0.9941520467836257, 0.9964912280701754, 0.9880952380952381, 0.9974747474747475], [0.13953488372093023, 0.17582417582417584, 0.1095890410958904, 0.021505376344086023, 0.021505376344086023, 0.1322314049586777]], "eta": [[0.0, 0.0033177057758557726, 0.0009888220814274762, 0.0, 0.005009386802475424, 0.0], [0.11498654418358778, 0.0, 0.0, 0.0, 0.16854046665538253, 0.0], [0.0, 0.0141015571120775, 0.002805052706451816, 0.0, 0.006893429589800548, 0.0], [0.012269958215169824, 0.14723970885449214, 0.012269924219090447, 0.01226995613019087, 0.01226992540967172, 0.012269869199161386], [0.40022864929261537, 0.5845856891175303, 0.6083598125969489, 0.6521267236420397, 0.4685184007267273, 0.5830995085966424], [0.014388541464781685, 0.014388266547936603, 0.014388636903747825, 0.014388536991160885, 0.19831123534922057, 0.01438841149616118], [0.004597700784576292, 0.1436162267102749, 0.14925444786222236, 0.004597697591786097, 0.004572194473831428, 0.1483515972655733], [0.3262649899708172, 0.06416685707713299, 0.1146139697795886, 0.30738165970127007, 0.0, 0.12192893555469686], [0.0, 0.0, 0.0, 0.0, 0.1266495735900417, 0.0], [0.12726361608845183, 0.028583988804699922, 0.09731933385052256, 0.0092354259435523, 0.00923538740284881, 0.11996167788776484]], "llh": -176.98609970955187, "nlglh": 4.728462376986113, "prob": 0.009877540169536915, "count": 351, "parents": [7, 0, 9, 1, 7, 7, 8, 2, 4], "samples": ["L73B10Area1", "L73B10Area2", "L73B12I1", "L73B12I2", "L73B14A1", "L73B14Area2"], "cdi": [1.9948986076650048, 1.8386761458225234, 1.7210593319415097, 1.189408149589582, 2.0141072749950517, 1.7652660661291388], "cmdi": [4.07268190298777, 4.108526486167078, 3.9307699577109787, 3.287079735320512, 4.039938014539889, 3.982456321937939], "sdi": [2.584962500721156, 2.807354922057604, 2.584962500721156, 2.0, 2.321928094887362, 2.584962500721156], "visible_sampidxs": null, "samp_colours": null, "pop_colours": null}
