{"phi": [[1.0000000000000002, 1.0, 1.0], [0.10506320587461256, 0.21196625376720118, 0.07799415813370628], [0.12006010151072347, 0.16132289516130296, 0.26932601526735567], [0.11265748897415608, 0.33350022986687483, 0.55422841338692], [0.9903227286268804, 1.0, 0.999999999956364], [0.6154192565371985, 0.7071090050068759, 0.8235544286542755], [0.012422050242147209, 0.012422589772654386, 0.1663543783301272], [0.1410289754950604, 0.011069955966605665, 0.009657456558841647], [0.013423493289001104, 0.01342249786585264, 0.1879098943462713], [0.1410289754950604, 0.011069955966605665, 0.009657456558841647], [0.756448232032259, 0.7306931931278914, 0.9119540851201315], [0.009661919067514216, 0.009661582346299113, 0.1663543783301272], [0.9447485045309747, 1.0, 0.99744486585829], [0.6154192565371985, 0.7071090050068759, 0.8393499202820138], [0.6154192565371985, 0.7128060505945167, 0.8460032262145998], [0.6154192565371985, 0.7128060505945167, 0.8460032262145998], [0.2626566822331956, 0.4322290208662629, 0.55422841338692], [0.0017905113795640226, 0.0017905058404598852, 0.18442271973482371], [0.012422050242147209, 0.012422589772654386, 0.1663543783301272], [0.17124489509233112, 0.23558688235041972, 0.26932601526735567], [0.0024999960183478462, 0.002500011522613189, 0.55422841338692], [0.6154192565371985, 0.7128060505945167, 0.9022966285612899], [0.09204595760667958, 0.15562244011410697, 0.26932601526735567], [0.44417436144486744, 0.4715221226564561, 0.55422841338692], [0.8615114379068715, 1.0, 0.99744486585829], [0.44417436144486744, 0.4715221226564561, 0.55422841338692], [0.007812634333729262, 0.007812622448949511, 0.1406207177396327], [0.1410289754950604, 0.011069955966605665, 0.009657456558841647]], "phi_hat": [[1.0, 1.0, 1.0], [0.10640608034744843, 0.21196581196581196, 0.07799442896935933], [0.12006003001500751, 0.16132264529058116, 0.3014521782674011], [0.1126573889993373, 0.33350025037556336, 0.5857033051498847], [0.990325417766051, 1.0, 1.0], [0.5725971370143149, 0.6823049464558899, 0.7360122075279756], [0.0106951871657754, 0.0106951871657754, 0.16042780748663102], [0.14545454545454545, 0.012121212121212121, 0.012121212121212121], [0.013422818791946308, 0.013422818791946308, 0.18791946308724833], [0.15757575757575756, 0.012121212121212121, 0.012121212121212121], [0.7513262599469496, 0.730692076228686, 0.8990885416666666], [0.00966183574879227, 0.00966183574879227, 0.17391304347826086], [0.9447453954496208, 1.0, 0.9941444372153546], [0.6477045908183633, 0.7066839714471123, 0.8393501805054152], [0.6192052980132451, 0.7383660806618407, 0.8435251798561151], [0.6303580433686334, 0.7292292292292293, 0.8466933867735471], [0.26265664160401003, 0.4322289156626506, 0.6902255639097744], [0.0017905102954341987, 0.0017905102954341987, 0.18442256042972247], [0.014814814814814815, 0.014814814814814815, 0.16296296296296298], [0.24772727272727274, 0.258, 0.27808988764044945], [0.0025, 0.0025, 0.7875], [0.46331658291457284, 0.6549295774647887, 0.9222222222222223], [0.09204602301150576, 0.15562248995983935, 0.3139418254764293], [0.5725239616613419, 0.5073572689817539, 0.3718518518518519], [0.5714285714285714, 1.0, 1.0], [0.594679186228482, 0.5179063360881543, 0.2438391699092088], [0.0078125, 0.0078125, 0.140625], [0.16037735849056603, 0.009433962264150943, 0.009433962264150943]], "eta": [[0.009677271373119797, 0.0, 4.363598371526221e-11], [0.10506320587461251, 0.21196625376720118, 0.07799415813370625], [0.028014143904043873, 0.00570045504719599, 0.0], [0.11015749295580818, 0.33100021834426163, 0.0], [0.045574224095905704, 0.0, 0.002555134098074062], [0.0, 1.1102230246251565e-16, 1.110223024625156e-16], [0.0, 0.0, 0.0], [0.0, 0.0, 0.0], [0.0010014430468538948, 0.0009999080931982537, 0.0215555160161441], [0.14102897549506035, 0.011069955966605665, 0.009657456558841643], [0.0, 0.006817186566768996, 0.0], [0.0018492847337849535, 0.0018489598973496016, 0.025733660590494496], [0.0832370666241032, 0.0, 0.0], [0.0, 0.0, 0.015795491627738294], [0.0, 0.0, 0.0], [0.0, 0.005697045587640837, 0.0066533059325859486], [0.1499991932590395, 0.09872879099938808, 0.0], [0.0017905113795640218, 0.0017905058404598852, 0.18442271973482363], [0.0027601311746329915, 0.0027610074263552734, 0.0], [0.051184793581607636, 0.07426398718911675, 0.0], [0.0007094846387838233, 0.0007095056821533039, 0.3698056936520961], [0.0, 0.0, 0.056293402346690086], [0.07862246431767843, 0.14219994224825433, 0.08141612092108431], [0.0, 0.0, 0.0], [6.938893903907226e-17, 0.05734055310490743, 0.007496622604452132], [0.18151767921167175, 0.039293101790193186, 0.0], [0.007812634333729258, 0.007812622448949511, 0.14062071773963264], [0.0, 0.0, 0.0]], "llh": -506.1196290359445, "nlglh": 9.014521961811345, "prob": 0.06447260387548416, "count": 29, "parents": [24, 19, 16, 0, 13, 8, 27, 22, 7, 24, 18, 4, 15, 21, 14, 25, 20, 6, 5, 3, 10, 2, 5, 12, 23, 11, 10], "samples": ["L75B4", "L75B6", "L75B7"], "cdi": [3.2482927592611834, 2.7654975401173685, 2.7312499840554736], "cmdi": [6.1513092472985695, 5.895449906416129, 6.3008621190802545], "sdi": [3.321928094887362, 3.0, 3.169925001442312], "visible_sampidxs": null, "samp_colours": null, "pop_colours": null}
