{"phi": [[1.0, 1.0, 1.0], [0.9972383864596341, 0.9975457010652921, 0.9976321501780612], [0.0010030104022416763, 0.5446178771681136, 0.5202026992542462], [0.47672665721703594, 0.0010020034170265593, 0.000624356306135765], [0.001000500197083887, 0.0010005001127017673, 0.22411209125807843], [0.7487591700256573, 0.8116000038519893, 0.8234387436104285], [0.018017709794842834, 0.018017514194306698, 0.14414954525737605], [0.1698094612577414, 0.01886720146117455, 0.01886898358541408], [0.7487591700256573, 0.8116000038519893, 0.712493818066374], [0.7487591700256573, 0.8116000038519893, 0.520827055560382], [0.7487591700256573, 0.6561050978355983, 0.520827055560382], [0.2720325128086214, 0.5446178771681136, 0.5202026992542462], [0.7487591700256573, 0.7265908418934022, 0.520827055560382], [0.14141513813518006, 0.010101193619538628, 0.010100852970323728]], "phi_hat": [[1.0, 1.0, 1.0], [0.9972375690607734, 0.997545008183306, 0.9976331360946745], [0.0010030090270812437, 0.6914199698946312, 0.7669172932330827], [0.48096192384769537, 0.001002004008016032, 0.001002004008016032], [0.0010005002501250625, 0.0010005002501250625, 0.224112056028014], [0.6726618705035972, 0.7247259439707674, 0.8234375], [0.018018018018018018, 0.018018018018018018, 0.14414414414414414], [0.16981132075471697, 0.018867924528301886, 0.018867924528301886], [0.6840260390585878, 0.7363681840920461, 0.7124937280481686], [0.916754478398314, 1.0, 0.0017857142857142857], [0.9276315789473685, 0.6561043802423113, 0.6329113924050633], [0.2747861097131354, 0.3920750782064651, 0.5065065065065065], [0.6711864406779661, 0.7265917602996255, 0.5784615384615385], [0.1414141414141414, 0.010101010101010102, 0.010101010101010102]], "eta": [[0.0027616135403658593, 0.0024542989347079436, 0.0023678498219388278], [0.060652045381392614, 0.14906098155782155, 0.011174877724842575], [2.51020515778925e-06, 0.5436173770554118, 0.2960906079961678], [0.47672665721703594, 0.0010020034170265593, 0.000624356306135765], [0.001000500197083887, 0.0010005001127017673, 0.22411209125807843], [0.0, 0.0, 0.11094492554405444], [0.018017709794842834, 0.018017514194306698, 0.14414954525737605], [0.02839432312256135, 0.008766007841635922, 0.008768130615090353], [0.0, 0.0, 0.19166676250599202], [0.0, 0.0850091619585871, 0.0], [0.0, 0.11048521725045812, 0.0], [0.27102950240637974, 0.0, 0.0], [0.0, 0.07048574405780383, 0.0], [0.14141513813518006, 0.010101193619538628, 0.010100852970323728]], "llh": -655.9944081794803, "nlglh": 24.26666357772889, "prob": 0.4278462728530388, "count": 7450, "parents": [0, 11, 10, 2, 1, 1, 1, 5, 8, 12, 10, 9, 7], "samples": ["L76B5", "L76B7", "L76B9"], "cdi": [1.9259506344179722, 2.0632582320089523, 2.4233135457841355], "cmdi": [4.305467641121026, 4.36782578235079, 4.61259728163681], "sdi": [2.584962500721156, 2.807354922057604, 2.807354922057604], "visible_sampidxs": null, "samp_colours": null, "pop_colours": null}
