{"phi": [[1.0, 1.0, 1.0], [0.1928104575163399, 0.0032679738558823532, 0.0032679738562091504], [0.45161290322580644, 0.015748031494488193, 0.6307692307692307], [0.8148148148148149, 0.9999999999, 0.8939393939393939], [0.11347517730496456, 0.33333333329999987, 0.016393442622950817]], "phi_hat": [[1.0, 1.0, 1.0], [0.19281045751633988, 0.0032679738562091504, 0.0032679738562091504], [0.45161290322580644, 0.015748031496062992, 0.6307692307692307], [0.8148148148148148, 1.0, 0.8939393939393939], [0.11347517730496454, 0.3333333333333333, 0.01639344262295082]], "eta": [[0.18518518518518512, 1.000000082740371e-10, 0.10606060606060608], [0.1928104575163399, 0.0032679738558823532, 0.0032679738562091504], [0.25880244570946653, 0.01248005763860584, 0.6275012569130216], [0.24972673428404388, 0.6509186351055118, 0.24677672054721236], [0.11347517730496456, 0.33333333329999987, 0.016393442622950817]], "llh": -23.88322325986646, "nlglh": 2.8713506464544407, "prob": 0.32925476857818187, "count": 20012, "parents": [2, 3, 0, 3], "samples": ["L77B10", "L77B7", "L77B9"], "cdi": [1.9365468881798305, 1.0374446554463952, 1.0064029351347015], "cmdi": [2.7684843488147135, 1.388437662435011, 1.7324860677854215], "sdi": [2.0, 1.584962500721156, 1.584962500721156], "visible_sampidxs": null, "samp_colours": null, "pop_colours": null}
