{"phi": [[1.0, 1.0, 1.0], [0.1590028688371364, 0.00754719574269243, 0.007547144866089707], [0.6548205607439143, 0.5609433827132456, 0.3690212528277207], [0.14669961583457847, 0.005115230458749117, 0.005114980642552183], [0.0035211272388801598, 0.5609433827132456, 0.0035211485691978473], [0.16025704980999286, 0.00754719574269243, 0.007547144866089707], [0.6548205607439143, 0.5609433827132456, 0.35585594527843983], [0.17687348443524922, 0.00754719574269243, 0.007547144866089707], [0.1590028688371364, 0.00754719574269243, 0.007547144866089707], [0.7531179310772018, 0.7195003691924433, 0.5458647097101463], [0.1922980889317335, 0.019231516256798337, 0.019230617494740945], [0.7531179310772018, 0.5609433827132456, 0.3690212528277207], [0.1590028688371364, 0.006153616607690623, 0.006153950691969084], [0.14669961583457847, 0.002392315874983999, 0.0023923608506316893], [0.1590028688371364, 0.00754719574269243, 0.007547144866089707]], "phi_hat": [[1.0, 1.0, 1.0], [0.14912280701754385, 0.008771929824561403, 0.008771929824561403], [0.6530072703238599, 0.5444261135988687, 0.3833049403747871], [0.1432225063938619, 0.005115089514066497, 0.005115089514066497], [0.0035211267605633804, 0.9507042253521126, 0.0035211267605633804], [0.16025641025641027, 0.00641025641025641, 0.00641025641025641], [0.657243816254417, 0.5699949824385349, 0.35585585585585583], [0.17687074829931973, 0.006802721088435374, 0.006802721088435374], [0.14393939393939395, 0.007575757575757576, 0.007575757575757576], [0.6759493670886076, 0.7195, 0.5458646616541354], [0.19230769230769232, 0.019230769230769232, 0.019230769230769232], [0.8157084188911704, 0.5132382892057027, 0.3510028653295129], [0.17846153846153845, 0.006153846153846154, 0.006153846153846154], [0.14832535885167464, 0.0023923444976076554, 0.0023923444976076554], [0.15859030837004406, 0.00881057268722467, 0.00881057268722467]], "eta": [[0.05458397999106468, 0.2612681145507584, 0.43490467279511275], [0.0, 0.0, 0.0], [0.0, 0.0, 0.01316530754928086], [0.0, 0.0027229145837651177, 0.0027226197919204944], [0.0035211272388801598, 0.5609433827132456, 0.0035211485691978477], [0.0012541809728564557, 0.0, 0.0], [0.651299433505034, 0.0, 0.35233479670924206], [0.01661643462525636, 0.0, 0.0], [0.0, 0.0, 0.0], [0.0, 0.1585569864791977, 0.17684345688242567], [0.015424604496484279, 0.011684320514105907, 0.011683472628651239], [0.09829737033328756, 0.0, 0.0], [0.01230325300255794, 0.0010383861489415063, 0.0010389700494169006], [0.14669961583457847, 0.002392315874983999, 0.0023923608506316897], [0.0, 0.0013935791350018064, 0.001393194174120624]], "llh": -170.53131559594445, "nlglh": 5.857730555393805, "prob": 0.004406388292734334, "count": 22, "parents": [5, 11, 12, 6, 7, 2, 10, 1, 0, 0, 9, 14, 3, 8], "samples": ["L78B12Inv2", "L78B9I1", "L78B9I2"], "cdi": [1.4506189779335932, 0.9596936479979754, 1.3456807235197092], "cmdi": [3.489131805157724, 2.752955723160982, 2.683475438528258], "sdi": [2.584962500721156, 1.584962500721156, 2.0], "visible_sampidxs": null, "samp_colours": null, "pop_colours": null}
