{"phi": [[1.0, 1.0], [0.8834441086190791, 0.0005184033177812338], [0.8834441086190791, 0.8522427440633247], [0.8834441086190791, 0.65], [0.11655589138092087, 0.007692307692307694]], "phi_hat": [[1.0, 1.0], [1.0, 0.0005184033177812338], [0.7004524886877828, 0.8522427440633246], [0.777, 0.65], [0.14615384615384616, 0.007692307692307693]], "eta": [[5.551115123125783e-17, 0.14006494824436763], [0.8834441086190791, 0.0005184033177812338], [0.0, 0.20224274406332465], [0.0, 0.6494815966822188], [0.11655589138092087, 0.007692307692307694]], "llh": -81.5057118572962, "nlglh": 14.698485787580752, "prob": 0.8495396958331423, "count": 46809, "parents": [3, 0, 2, 0], "samples": ["L79B7Inv1", "L79B7Inv2"], "cdi": [0.519379174106075, 0.8642512963545298], "cmdi": [1.9196049577503431, 1.6204749729839456], "sdi": [1.0, 1.0], "visible_sampidxs": null, "samp_colours": null, "pop_colours": null}
