{"phi": [[1.0, 1.0, 1.0, 0.9999999999999999, 1.0], [0.9859341412228945, 0.9162753104320758, 0.5675544433672021, 0.5699539750653431, 0.5765386420532527], [0.15384697665852828, 0.007936465997495604, 0.004491875955397614, 0.07154166872902609, 0.007314488189548089], [0.007060293965733545, 0.007661533540961861, 0.013422779268236937, 0.011377461403206715, 0.1476497491181155], [0.007060293965733545, 0.007661533540961861, 0.013422779371166501, 0.011377461403206715, 0.2013452818597537], [0.9999130737170768, 0.9838050532635925, 0.9567677652064704, 0.9392830036992742, 0.9722923820174535], [0.0020258776588806533, 0.0021215380927835066, 0.002785510292893099, 0.25621679614122816, 0.0027855168951992945], [1.0, 0.9838050532635925, 0.9567677652064704, 0.9997124210504654, 1.0], [0.5850507670361009, 0.5050808931761823, 0.5555004201909816, 0.4909443596054449, 0.5580318440816499], [0.9999130737170768, 0.9838050532635925, 0.9567677652064704, 0.9997124210504654, 0.9722923820174535], [0.9999130737170768, 0.9838050532635925, 0.9567677652064704, 0.8472499750129476, 0.9722923820174535], [0.5850507670361009, 0.0023980803220397815, 0.5555004201909816, 0.0023980819909552088, 0.002398082583140674], [0.011904793243811603, 0.17340862797684733, 0.007562147220822904, 0.007467946730872066, 0.011192309782054755], [0.011904793243811603, 0.15951120948575476, 0.007562147220822904, 0.007467946730872066, 0.011192309782054755], [0.9950203128475086, 0.926058382065821, 0.6800090578387656, 0.837548232609778, 0.9116930582687535], [0.0048927608695682415, 0.05774667119777149, 0.17204783970450196, 0.009701742403169707, 0.01351335384744106]], "phi_hat": [[1.0, 1.0, 1.0, 1.0, 1.0], [1.0, 0.9730554143365532, 0.5271794871794871, 0.539291217257319, 0.5720143516145566], [0.15384615384615385, 0.007936507936507936, 0.007936507936507936, 0.11612903225806452, 0.007936507936507936], [0.013422818791946308, 0.013422818791946308, 0.013422818791946308, 0.013422818791946308, 0.1476510067114094], [0.013422818791946308, 0.013422818791946308, 0.013422818791946308, 0.013422818791946308, 0.20134228187919462], [0.956726986624705, 0.9615384615384616, 0.9537223340040242, 0.9392812887236679, 0.9359823399558499], [0.002785515320334262, 0.002785515320334262, 0.002785515320334262, 0.27298050139275765, 0.002785515320334262], [1.0, 0.9571209800918836, 0.9308707124010555, 0.984, 1.0], [0.4953798767967146, 0.5050813008130082, 0.4844689378757515, 0.5095, 0.5613496932515337], [0.9755713159968479, 0.9652226967663209, 0.9646070785842832, 1.0, 0.9469240048250904], [0.9488054607508533, 0.9787798408488063, 1.0, 0.806312769010043, 1.0], [0.9702315325248071, 0.002398081534772182, 1.0, 0.002398081534772182, 0.002398081534772182], [0.011560693641618497, 0.17341040462427745, 0.011560693641618497, 0.011560693641618497, 0.011560693641618497], [0.012269938650306749, 0.15950920245398773, 0.012269938650306749, 0.012269938650306749, 0.012269938650306749], [0.9881956155143339, 0.875, 0.68, 0.8494623655913979, 0.9116945107398569], [0.013513513513513514, 0.10784313725490197, 0.17204301075268819, 0.013513513513513514, 0.013513513513513514]], "eta": [[0.0, 0.016194946736407527, 0.043232234793529556, 0.00028757894953446167, 0.0], [0.23513160428445362, 0.22984932328155036, 3.0357660829594124e-17, 3.295974604355934e-17, 1.0408340855860844e-17], [0.15384697665852828, 0.0079364659974956, 0.004491875955397614, 0.0715416687290261, 0.00731448818954809], [0.007060293965733545, 0.007661533540961858, 0.013422779268236937, 0.011377461403206716, 0.14764974911811551], [0.0, 0.0, 1.0292956417745636e-10, 0.0, 0.05369553274163822], [0.0, 0.0, 0.0, 0.09203302868632658, 0.0], [0.0020258776588806533, 0.0021215380927835058, 0.002785510292893099, 0.2562167961412282, 0.002785516895199295], [8.692628292317206e-05, 0.0, 0.0, 0.0, 0.02770761798254651], [0.0, 0.5026828128541423, 0.0, 0.48854627761448977, 0.5556337614985093], [0.0, 0.0, 0.0, 0.060429417351191235, 0.0], [5.204170427930421e-18, 5.55111512312578e-17, 0.10471086766320284, 2.9490299091605727e-17, 0.047085969901258976], [0.5850507670361009, 0.0023980803220397806, 0.5555004201909816, 0.002398081990955209, 0.0023980825831406744], [0.0, 0.013897418491092571, 0.0, 0.0, 0.0], [0.011904793243811603, 0.15951120948575467, 0.007562147220822904, 0.0074679467308720665, 0.011192309782054757], [1.1102230246251565e-16, 1.110223024625156e-16, 0.09624632480750395, 0.0, 0.13102361746054772], [0.0048927608695682415, 0.057746671197771465, 0.17204783970450196, 0.009701742403169709, 0.013513353847441062]], "llh": -422.4791490262994, "nlglh": 8.126780975723086, "prob": 0.09211729742281173, "count": 1653, "parents": [14, 1, 4, 14, 9, 14, 0, 1, 7, 5, 8, 1, 12, 10, 10], "samples": ["L8B10", "L8B13", "L8B6I1", "L8B6I2", "L8B7"], "cdi": [1.5423783569869125, 1.888450609676601, 1.7855478814788148, 2.054023292762196, 2.0930509103229062], "cmdi": [4.409372692522116, 4.646578993402813, 4.481147090674185, 4.579789836422576, 4.7045006665163465], "sdi": [2.0, 2.321928094887362, 2.321928094887362, 2.584962500721156, 3.0], "visible_sampidxs": null, "samp_colours": null, "pop_colours": null}
