{"phi": [[1.0, 1.0, 1.0], [0.7657817109144542, 0.466, 0.6005235602094241], [0.15384615384615385, 0.010256410256410258, 0.010256410256410258]], "phi_hat": [[1.0, 1.0, 1.0], [0.7657817109144542, 0.466, 0.6005235602094241], [0.15384615384615385, 0.010256410256410256, 0.010256410256410256]], "eta": [[0.0803721352393919, 0.5237435897435898, 0.3892200295341656], [0.7657817109144542, 0.466, 0.6005235602094241], [0.15384615384615385, 0.010256410256410258, 0.010256410256410258]], "llh": -16.963363937061683, "nlglh": 4.0788268381322625, "prob": 0.501619870410424, "count": 33444, "parents": [0, 0], "samples": ["L82B7", "L82B8", "L82B9"], "cdi": [0.6514717903825258, 0.14997713953991998, 0.12303005393224796], "cmdi": [0.6514717903825258, 0.14997713953991998, 0.12303005393224796], "sdi": [1.0, 1.0, 1.0], "visible_sampidxs": null, "samp_colours": null, "pop_colours": null}
