{"phi": [[1.0, 1.0, 1.0], [0.18036086757452557, 0.0037435212159094987, 0.004008016032064126], [0.5135186402941027, 0.7766265013654906, 0.80625], [0.2000001042551754, 0.0009932208366305291, 0.001], [0.21586370751192602, 0.0009932208366305291, 0.001004016064257028], [0.31905609956775405, 0.006944442056176212, 0.006944444444444442], [0.2123279978411, 0.006849312931765301, 0.006849315068493149], [0.15228430154813716, 0.0033840922343282413, 0.003384094754653129], [0.1792034893297639, 0.0022123881548268376, 0.002212389380530972], [0.002172888414445171, 0.0021822171199796696, 0.5842408712363869], [0.002172888414445171, 0.0021822171199796696, 0.3088235294117647], [0.007042256839526573, 0.21863675658196935, 0.18461538461538465], [0.011494178357070992, 0.17241385726474923, 0.011494252873563216], [0.18008165939100085, 0.017391270853225987, 0.017391304347826084], [0.01220799292090261, 0.19230771025596374, 0.012820512820512818]], "phi_hat": [[1.0, 1.0, 1.0], [0.18036072144288579, 0.004008016032064128, 0.004008016032064128], [0.5108979947689625, 0.8055077452667814, 0.80625], [0.2, 0.001, 0.001], [0.21586345381526104, 0.001004016064257028, 0.001004016064257028], [0.3263888888888889, 0.006944444444444444, 0.006944444444444444], [0.21232876712328766, 0.00684931506849315, 0.00684931506849315], [0.15228426395939088, 0.00338409475465313, 0.00338409475465313], [0.17920353982300885, 0.0022123893805309734, 0.0022123893805309734], [0.0012812299807815502, 0.0012812299807815502, 0.5842408712363869], [0.007352941176470588, 0.007352941176470588, 0.3088235294117647], [0.007042253521126761, 0.24104234527687296, 0.18461538461538463], [0.011494252873563218, 0.1724137931034483, 0.011494252873563218], [0.19130434782608696, 0.017391304347826087, 0.017391304347826087], [0.01282051282051282, 0.19230769230769232, 0.01282051282051282]], "eta": [[0.08321452777991917, 0.0, 0.004122583288294152], [0.0011573782447616698, 0.0015311330610826611, 0.0017956266515331543], [3.2959746043559335e-17, 0.557800861080145, 0.1848528671508298], [0.2000001042551754, 0.0009932208366305291, 0.0010000000000000002], [0.015863603256750625, 0.0, 4.016064257028e-06], [0.10672810172665403, 9.512912441091061e-05, 9.512937595129377e-05], [0.060043696292962856, 0.0034652206974370597, 0.00346522031384002], [0.15228430154813716, 0.0033840922343282413, 0.0033840947546531293], [0.1792034893297639, 0.0022123881548268376, 0.0022123893805309726], [0.0, 0.0, 0.27541734182462224], [0.002172888414445171, 0.0021822171199796696, 0.3088235294117648], [0.007042256839526573, 0.21863675658196935, 0.18461538461538468], [0.011494178357070992, 0.17241385726474923, 0.011494252873563218], [0.18008165939100085, 0.017391270853225987, 0.017391304347826087], [0.0007138145638316187, 0.019893852991214517, 0.001326259946949602]], "llh": -76.81346755476291, "nlglh": 2.638533540827184, "prob": 0.0025924269556501637, "count": 42, "parents": [0, 0, 4, 0, 2, 5, 6, 1, 2, 9, 0, 14, 2, 2], "samples": ["L91B11I2", "L91B14I3", "L91B9I1"], "cdi": [2.724959616285085, 1.7210608136306618, 2.2310145585666112], "cmdi": [3.9118507709675945, 2.0506353355947047, 3.0517928171747126], "sdi": [3.0, 2.321928094887362, 2.584962500721156], "visible_sampidxs": null, "samp_colours": null, "pop_colours": null}
