{"phi": [[1.0, 0.9999999999999999, 0.9999999999999999], [0.9999999999386271, 0.9985214224085216, 0.9999999999999999], [0.6403811082256339, 0.817777579009892, 0.5469389305682479], [0.018348620193561087, 0.14679087841013436, 0.01834878468109393], [0.9964814828701547, 0.9874682610385096, 0.9999999999999999], [0.22940843898125438, 0.01960816061724878, 0.019607381911976727], [0.9964814828701547, 0.9495358487200213, 0.9999999999999999], [0.0017621864696673053, 0.0017667849709459985, 0.18374551789507168], [0.5007671317488573, 0.6526525514119303, 0.3214645739635875], [0.9964814828701547, 0.9495358487200213, 0.8964628753005454], [0.8715517336765555, 0.9168538289852013, 0.8964628753005454], [0.1666667533947192, 0.013888882536800878, 0.01388889669967483]], "phi_hat": [[1.0, 1.0, 1.0], [1.0, 0.9985207100591716, 1.0], [0.6408554572271387, 0.8177777777777778, 0.5469387755102041], [0.01834862385321101, 0.14678899082568808, 0.01834862385321101], [0.9942669942669943, 0.9874686716791979, 0.9970845481049563], [0.23529411764705882, 0.0196078431372549, 0.0196078431372549], [0.9351851851851852, 0.8676171079429735, 1.0], [0.0017667844522968198, 0.0017667844522968198, 0.18374558303886926], [0.5007668711656442, 0.6526526526526526, 0.3214643931795386], [1.0, 0.9697885196374623, 0.8914600550964187], [0.8689407540394973, 0.9168539325842696, 0.9145129224652088], [0.16666666666666666, 0.013888888888888888, 0.013888888888888888]], "eta": [[6.137290675667372e-11, 0.0014785775914782917, 0.0], [0.0035185170684723923, 0.011053161370011999, 0.0], [0.12126535628321541, 0.018334149187827303, 0.2071255719235665], [0.018348620193561083, 0.14679087841013436, 0.018348784681093935], [0.0, 0.03793241231848832, 0.0], [0.22940843898125432, 0.01960816061724878, 0.01960738191197673], [0.0, 0.0, 0.10353712469945454], [0.0017621864696673048, 0.0017667849709459985, 0.1837455178950717], [0.3341003783541381, 0.6387636688751295, 0.3075756772639127], [0.1249297491935992, 0.03268201973481999, 0.0], [8.326672684688673e-17, 0.0777013043871145, 0.14617104492524904], [0.16666675339471917, 0.013888882536800878, 0.013888896699674831]], "llh": -104.14732400429136, "nlglh": 4.553115995843855, "prob": 0.006362457747261249, "count": 181, "parents": [0, 10, 2, 1, 10, 4, 10, 2, 6, 9, 8], "samples": ["L95B10", "L95B12", "L95B8"], "cdi": [2.341153126227516, 1.8374256667359907, 2.489789253531263], "cmdi": [4.991496112496278, 4.474681941631021, 5.011014158819651], "sdi": [2.584962500721156, 3.169925001442312, 3.0], "visible_sampidxs": null, "samp_colours": null, "pop_colours": null}
