{"phi": [[0.9999999999999999, 1.0], [0.12212213405632283, 0.20420431968624855], [0.0032051292370226187, 0.21571871914256513], [0.14645309630250972, 0.008403397803702044], [0.9999999999999999, 0.9902794330422051], [0.9999999999999999, 0.9288285585707832], [0.008230414418967583, 0.14814733118845014], [0.22699988903605053, 0.4561445927858669], [0.16048140447455916, 0.07686097147679789], [0.013986070046831412, 0.2377619830382386], [0.14645309630250972, 0.010050225815169053], [0.001618122836954983, 0.20064718949276358], [0.0012437805617829993, 0.17039803838040002], [0.011494277192336857, 0.14942697293610158], [0.006535952709037088, 0.18010427516555333]], "phi_hat": [[1.0, 1.0], [0.12212212212212212, 0.2042042042042042], [0.003205128205128205, 0.22115384615384615], [0.15126050420168066, 0.008403361344537815], [0.9916932907348243, 0.9902794653705954], [1.0, 0.9106029106029107], [0.00823045267489712, 0.14814814814814814], [0.227, 0.46074074074074073], [0.160481444332999, 0.0779896013864818], [0.013986013986013986, 0.23776223776223776], [0.1407035175879397, 0.010050251256281407], [0.0016181229773462784, 0.20064724919093851], [0.0012437810945273632, 0.17039800995024876], [0.011494252873563218, 0.14942528735632185], [0.006535947712418301, 0.1895424836601307]], "eta": [[0.0, 0.009720566957794885], [0.11062785686398599, 0.05477734675014698], [0.0019613486752396198, 0.04532068076216511], [0.14645309630250974, 0.008403397803702044], [0.0, 0.061450874471421946], [0.6027776245433306, 5.551115123125783e-17], [0.008230414418967585, 0.14814733118845014], [0.0908916849328963, 0.014178290061379717], [0.014028308172049449, 0.06681074566162884], [0.012367947209876431, 0.037114793545475006], [0.0, 0.0016468280114670091], [0.0016181228369549832, 0.20064718949276358], [0.0012437805617829996, 0.17039803838040002], [0.0032638627733692746, 0.0012796417476514388], [0.006535952709037089, 0.18010427516555333]], "llh": -68.6550861017009, "nlglh": 3.537441151811739, "prob": 0.002007443982336752, "count": 24, "parents": [7, 5, 10, 0, 4, 13, 5, 5, 7, 8, 9, 2, 1, 5], "samples": ["L96B11", "L96B12"], "cdi": [1.8527010266129678, 3.058133046752235], "cmdi": [3.2563844702001705, 4.961490423137357], "sdi": [2.584962500721156, 3.321928094887362], "visible_sampidxs": null, "samp_colours": null, "pop_colours": null}
